100 100
68.139404 18.941848 55.627412 29.861870 88.442880 59.435689 35.586864 8.425689 10.567215 3.180104 48.001388 59.311968 56.243426 83.259326 39.463553 63.935113 57.466602 41.163820 40.315711 86.163467 49.386337 36.162102 76.460165 65.942407 94.009590 19.178456 32.302678 11.085986 22.156169 78.727627 75.229728 86.092901 63.419038 83.743387 75.082403 9.931412 17.241785 82.670063 35.793537 81.988287 77.156997 77.679813 64.617723 30.034861 95.888966 5.889029 76.908255 97.074407 29.555517 39.562196 21.839525 56.894362 23.514730 12.066808 6.837740 21.893579 65.369129 58.963263 95.580286 17.906243 50.214976 63.071150 36.855441 29.390231 61.610430 86.475021 85.673475 14.083806 6.512004 47.256714 43.570864 95.505571 62.093294 1.959752 37.555996 3.607110 24.688864 45.739573 44.992939 96.296555 56.240386 32.183656 10.704352 8.041938 60.840654 48.895743 90.769815 68.293589 10.357583 79.887974 77.151960 93.034500 30.823839 56.233191 11.252163 15.109521 45.724446 90.732199 36.096698 77.214509 
44.292766 28.525478 27.684265 89.462465 95.633543 12.925917 45.898134 9.914715 36.617139 24.277067 24.679317 85.263002 15.262178 11.407077 18.745349 53.087413 40.172368 77.004308 11.367157 47.812626 86.815709 11.595491 85.414881 67.852074 89.854443 83.592564 40.239578 6.572442 63.023180 30.557051 72.381020 7.820333 36.338833 46.743390 16.142970 14.902355 63.871372 86.163437 48.879188 12.513430 13.235284 45.413858 70.692605 30.623183 83.811545 20.652333 3.749070 10.627970 24.295110 27.911994 16.864608 43.470624 10.768451 85.358882 26.761696 83.827597 90.459371 50.611299 24.065854 74.808049 98.931265 37.750003 64.274466 60.904241 17.583336 23.125650 72.797191 2.411677 33.049709 66.461390 16.560741 36.366320 8.731619 52.315724 70.389932 43.563774 76.357704 43.960381 42.095187 93.812603 8.461470 11.932124 43.206784 76.429808 55.743742 85.061872 34.906158 67.797625 74.709255 38.487196 54.309988 87.996501 57.185334 13.940522 98.362446 77.612203 28.307950 71.728134 34.720004 39.100078 
54.985106 34.707350 26.431796 39.206558 44.605747 88.802004 95.234185 0.947899 31.332219 0.623307 75.923181 40.862951 83.621049 19.020064 70.223439 45.290056 89.972508 67.959881 1.731710 4.849138 99.457222 77.558947 33.219403 18.512438 38.549605 3.217216 71.746582 44.797623 13.651194 35.608345 69.474107 51.271170 14.585201 33.482319 37.338439 47.114870 59.607917 30.241537 69.518089 90.550011 74.053204 12.216862 28.799927 40.360823 44.348466 64.689159 30.673471 29.045337 65.003777 18.456554 99.305463 26.954597 25.908890 50.735462 10.935912 99.865276 35.673282 60.826862 17.061469 52.101880 76.318467 84.419721 42.227903 24.342714 28.004071 64.407820 2.240218 51.350027 39.869702 90.067774 69.056588 34.124231 25.968894 59.225756 7.240464 90.472680 74.372673 81.505316 59.893334 27.258047 26.004681 60.683012 99.413043 35.043904 82.876003 96.977168 95.258564 10.718592 47.382483 57.401198 41.935387 8.049206 83.011061 66.922438 65.409815 42.717928 60.210311 54.682475 48.315531 39.151284 
15.648587 5.808118 17.031989 56.619138 97.873795 64.834744 77.565908 50.202495 53.293151 97.982049 84.334117 3.474353 93.443424 3.643136 30.190793 16.641065 86.394668 35.188067 5.820531 25.656381 6.822556 66.705418 17.941377 40.706709 57.648766 2.809734 23.193723 16.905940 38.124290 54.922241 78.106803 41.035971 91.562551 91.815394 41.361722 66.492122 33.126938 64.458472 53.494054 74.568111 66.191018 72.426742 76.275092 55.527252 46.558544 9.431257 11.132657 6.562637 98.235846 49.812582 0.080076 45.832631 9.048223 73.491579 72.930729 46.742806 6.327920 53.362244 59.236807 93.032992 5.486749 15.797856 14.582089 81.172431 65.070045 32.262382 33.856165 20.580122 90.108514 53.744155 78.058600 30.899531 28.422037 89.175296 69.200838 58.508813 57.601130 2.169028 54.851562 90.203261 46.168467 53.428084 65.761763 57.979381 59.481037 97.779751 84.229821 50.564080 30.497837 77.165037 12.758251 27.918398 24.532753 21.975888 48.746419 81.088769 58.923501 27.249834 87.949091 60.407728 
72.650588 38.446799 75.361502 0.722178 37.637466 72.885978 94.642806 61.655378 41.988882 7.129202 20.498709 21.807155 12.859954 37.247533 19.305064 60.217345 72.919345 55.449903 46.556348 72.516620 86.847323 42.939439 83.158600 46.583882 35.285923 50.491333 7.838171 36.134169 6.948444 82.493907 75.125790 39.114237 92.963082 30.538976 68.584847 5.497980 4.547187 24.572517 90.288341 76.166660 33.003774 94.448757 0.293828 38.371697 13.093360 60.099298 88.852561 45.008838 63.524020 48.247641 98.107344 90.133810 78.979754 12.778234 63.794082 87.094927 4.422678 31.943035 66.572827 89.468038 89.294833 78.251743 77.030969 59.503496 75.254148 96.443528 26.419401 30.875650 27.069387 55.169958 41.507500 16.578500 34.855434 15.279832 8.138389 81.906348 99.954712 38.869154 73.873723 95.645356 11.505167 67.350465 59.315300 12.279447 80.668652 98.009938 53.014672 17.609748 67.042011 75.063348 89.649773 43.722486 43.827748 12.984781 35.224774 22.791220 52.032620 12.263432 11.500246 84.631222 
96.971083 92.947572 69.829315 21.247557 7.686616 88.947594 42.190012 87.561136 40.024704 95.214874 76.366454 90.952116 32.216978 70.731944 91.779202 33.078304 47.060725 49.593699 21.310076 58.437735 63.000560 50.416207 45.242888 97.231740 73.861074 83.041251 74.336481 73.212510 82.616585 36.998421 32.476130 26.306009 25.094473 62.815559 41.054487 2.778126 91.960907 86.998808 88.988060 22.322634 76.502806 82.657826 30.034375 87.769109 35.433829 36.386481 47.562537 83.546704 69.406378 13.050203 34.750611 53.493673 68.187267 23.432344 27.407557 38.822538 90.398592 29.133931 53.955656 32.728994 76.202959 43.117782 80.568802 19.911928 59.785944 22.406511 86.220527 8.363102 58.649969 29.996702 54.582185 62.760562 16.718017 79.694360 23.140936 29.707938 1.306601 60.037678 53.286946 93.726206 56.304479 9.416860 69.171059 57.996845 52.973795 30.604011 61.614794 59.836274 68.284410 56.131935 9.388602 94.233322 79.399830 72.920120 68.403327 54.749501 74.885386 98.680669 25.994080 82.507890 
10.128178 24.278811 53.972632 18.050243 70.422620 92.985851 13.238260 95.425922 23.466398 99.753070 49.884564 9.852844 96.741545 35.134503 5.608842 67.804569 91.408247 98.446196 85.269243 20.113611 49.462390 14.367861 80.634820 29.405427 17.015381 77.499509 34.197456 56.623983 79.260987 39.447424 92.871946 98.789376 53.071725 76.456594 6.002591 85.551536 64.697361 68.537313 6.644817 79.435837 78.125423 54.022652 58.709520 30.936894 56.382513 20.913646 95.635140 39.818889 36.045751 20.922841 50.200456 19.058263 12.235376 39.973238 30.202278 9.716813 10.474382 42.926085 58.710068 40.126616 8.053352 52.682966 42.620045 15.109058 37.922338 60.711199 73.151004 48.897997 28.633791 48.112625 28.906363 29.226217 5.046562 17.577954 32.677084 3.733401 47.263601 59.340084 28.775340 27.140266 46.441191 37.085244 91.683114 18.060832 48.404431 33.287352 60.551894 95.671034 43.042558 16.297115 5.615282 76.038563 80.095595 66.688961 41.403663 71.346676 23.633794 13.183337 72.350276 91.120303 
58.950502 81.129944 50.973332 8.781508 90.806317 81.783110 28.725654 92.081535 14.368112 84.857148 94.042128 66.086704 19.245678 62.122041 85.105008 59.831434 86.962175 73.282892 65.606737 52.442527 1.589326 11.806819 37.205169 7.249467 41.791618 91.737527 32.607299 30.869007 15.409793 92.392743 44.815212 9.281335 91.402549 2.672571 17.894396 51.104313 10.203002 81.853479 11.383966 30.323425 45.815647 23.592362 16.821958 26.651114 25.291082 67.217445 23.583788 72.722846 52.895820 20.098828 0.988470 13.208555 96.184176 67.422080 62.931848 95.564204 47.608492 55.933434 73.179567 28.979227 53.865176 11.984053 15.973744 70.719939 89.974707 4.903475 12.706861 64.212024 11.539955 52.026427 8.162546 87.918818 51.559108 53.971326 96.092582 28.004205 66.693902 24.428135 63.664639 11.573236 11.377821 27.034917 75.856626 22.352692 81.705898 31.035367 11.429517 95.894951 6.482919 58.406818 43.401644 51.431155 3.418103 48.053238 30.755487 7.493582 44.630307 1.567847 50.795972 27.882594 
22.749916 57.831317 70.993799 92.739952 80.334574 83.182448 47.432515 98.257703 17.201921 12.699987 48.669773 92.866039 99.533796 64.534932 38.639453 13.299511 24.893229 80.504513 39.305559 8.532549 6.557737 15.880525 3.975510 16.395682 62.224430 5.962383 9.765684 31.843227 89.100140 6.108583 66.956836 43.575796 78.432995 23.342678 20.393199 48.488843 51.978004 94.331276 25.788519 27.646402 53.083163 68.696487 81.846529 94.641149 33.752808 83.466595 23.034513 41.048375 0.052333 79.568857 13.781807 30.816486 32.671258 5.806738 93.843240 23.306650 14.864661 30.358869 41.518179 96.029323 64.799768 89.712441 97.013259 1.892969 15.138030 24.874336 62.966794 82.934785 84.916192 86.485231 57.310450 16.700457 84.590936 19.839872 48.747656 1.837255 78.753644 12.519504 15.313835 79.630828 55.349463 58.428848 13.612390 83.423692 1.973894 75.243610 19.386797 33.884460 96.111101 39.269868 8.681260 5.939282 21.521418 10.479251 24.760950 57.284230 76.057082 91.427785 26.747519 45.560047 
27.729580 51.061326 87.719548 2.478828 61.670852 2.045044 71.061182 25.265670 40.120733 9.178133 56.882679 27.221563 12.802389 69.751763 17.934807 30.287594 43.610969 69.561011 11.942468 17.060186 30.548060 21.249917 47.362393 19.764584 83.370882 14.404923 3.534766 8.809963 69.048351 95.634282 25.346366 96.367913 55.561036 14.376503 25.882840 12.908019 45.068935 73.567849 54.803139 76.371205 70.884389 53.954840 19.008586 77.306563 91.427439 21.022530 25.668022 2.436395 48.489824 68.485385 33.834028 48.534092 12.504655 65.740311 97.412288 8.351050 56.101966 5.732000 37.722713 5.616354 94.060344 72.160351 99.064380 75.062442 74.464267 20.952152 42.821094 94.133812 6.954024 76.281989 71.363783 11.053292 72.684002 0.005229 87.890124 69.360846 47.768250 40.981501 76.076138 11.662465 11.040089 50.770432 98.637545 1.221415 28.330210 45.858324 40.836841 44.801223 74.161547 33.171153 7.583188 50.631154 57.757980 38.327333 67.493159 57.559806 7.699282 1.835793 54.180413 10.172293 
65.723205 9.946616 72.777438 70.375615 2.926399 83.985668 47.118849 26.488936 99.563891 70.359439 31.117377 89.757234 49.839547 53.272247 46.685293 39.714184 76.300710 86.026871 53.594482 62.465513 57.884276 61.053902 32.926762 0.085462 36.355549 27.721003 6.890213 3.816607 45.717609 75.860667 90.211225 80.097991 6.981460 37.398359 54.226935 92.107975 58.751708 39.929250 90.917963 58.172357 2.816113 30.409503 92.527050 2.114635 40.674499 16.322283 28.617236 69.873458 63.231188 26.614201 4.881486 43.137094 5.164340 97.060049 88.281858 53.167981 94.285297 53.032386 15.289617 72.582930 1.295695 76.742548 11.981077 65.959334 78.484809 94.163221 1.235418 63.676178 5.531798 72.920036 67.053282 64.481050 32.967308 81.532913 23.645626 12.048250 94.931883 20.115151 75.342625 83.525693 16.314253 93.661672 71.716052 31.736857 1.334353 26.469722 76.615810 81.915724 57.541788 4.848532 89.278245 99.511689 92.937356 98.150861 21.480627 24.899477 85.518736 13.346864 20.745762 74.027884 
86.672121 98.337662 61.056048 68.995368 5.135898 19.043417 62.718987 17.980552 99.122721 55.535895 91.794825 95.627165 5.778227 14.655779 19.690672 41.121030 21.136552 42.042974 16.240256 49.969420 36.033329 12.184182 79.545331 18.388936 62.836820 98.430771 25.951886 73.348832 73.837841 92.626733 77.543855 79.517472 50.110650 9.743734 62.945747 29.148456 98.125857 1.258600 53.286928 93.393582 65.948486 96.190667 76.540452 15.389255 47.208378 31.207821 9.864327 89.739025 43.836334 57.293642 34.192789 78.206110 10.085131 0.800627 56.145114 30.900678 47.712472 3.515511 85.198987 39.353976 22.287902 92.771488 10.421608 55.957395 75.949574 84.477997 21.682362 15.453255 22.866134 11.117776 56.467879 55.600613 79.499710 51.654410 55.654234 80.665433 43.962598 79.357314 58.375734 20.960973 91.075224 1.300828 63.011831 39.866000 27.865356 33.023986 34.144491 66.450393 31.776249 63.419366 89.271933 93.375945 69.531012 7.694975 29.446575 8.562760 14.305182 27.192995 32.660896 31.679413 
35.902399 11.614197 99.809521 98.647135 62.373400 9.772088 39.487109 59.838265 1.710054 40.871313 24.159165 43.081751 74.994093 25.709006 91.254717 18.068776 81.905073 78.569943 25.016832 57.891357 80.024886 78.305662 83.269745 14.605957 82.327074 71.169341 43.141067 71.938139 64.314711 37.330294 10.228540 11.078177 90.914220 95.250696 78.460777 90.300649 83.061427 13.356012 74.504179 91.721302 59.953028 30.559453 12.755695 84.961808 53.074974 31.043956 55.767334 81.552786 57.637501 13.464817 3.177618 6.225011 23.752639 10.594081 54.720128 81.226969 81.694412 38.009709 29.191649 24.030997 88.954222 53.646904 43.509641 66.539150 23.473620 21.147886 32.516453 4.005411 18.937808 87.754005 81.547976 76.846671 62.031591 64.997131 6.778178 20.837556 16.809535 17.851409 28.641212 72.826600 96.714205 75.595927 40.763775 16.782841 69.207138 64.397240 24.413370 15.496729 53.541446 71.095276 98.271728 52.972078 1.721578 34.561431 73.955250 65.837562 31.918988 62.407374 80.781639 97.048700 
97.464019 77.740151 78.682733 20.705906 4.167375 41.077390 87.689924 4.534693 14.591812 44.586241 60.932696 95.829284 2.745714 47.220564 36.023122 40.626255 5.460339 71.923757 22.619992 74.203074 31.107980 31.839103 19.811732 75.762594 41.918382 22.227854 83.526736 33.874279 24.996929 23.377465 5.037852 71.184933 5.196086 30.621210 50.680959 94.887567 75.299156 52.889514 14.025697 29.884428 67.595249 73.351175 13.223264 43.391788 85.767263 90.441358 47.956204 99.953014 10.272384 47.949627 89.358586 49.788132 89.141685 4.344378 15.956262 76.879686 16.872650 78.642195 39.368808 71.560109 10.785186 66.615117 0.254197 72.291321 0.250302 6.822178 60.344929 17.180952 60.261363 12.686552 22.875889 75.062996 83.746344 24.768890 90.733218 53.190273 68.897593 61.876971 66.278613 44.607499 18.221323 45.779815 21.354030 97.178119 72.668737 43.504587 81.575304 36.091760 94.209605 80.819279 29.599342 76.115113 66.695917 58.295184 67.135268 42.483971 28.093693 70.701373 77.943623 98.520440 
32.995203 50.372344 7.998122 24.434875 76.949769 94.749051 47.295529 95.964485 75.064725 12.782955 43.116680 62.039095 91.044718 88.625115 22.354168 6.509228 0.593551 75.816619 49.893045 52.411723 83.860129 37.199351 9.491854 29.587480 76.779056 25.539470 41.859940 40.005207 67.500532 81.409752 53.735310 29.377934 54.923058 91.874170 29.159093 76.884824 3.262462 32.209057 37.596795 89.311320 55.381912 3.801561 92.841357 84.695530 77.766848 27.415442 71.326882 90.920752 5.041353 30.014187 48.442000 64.707088 31.992602 99.657744 47.710946 77.860671 4.329453 65.107822 67.155457 81.767255 62.208825 43.705446 57.407677 50.859666 98.369467 95.643246 75.998497 6.713220 29.089567 8.360937 22.265959 23.973404 20.999831 44.162261 35.108012 60.333043 17.424616 55.525690 20.245507 66.233742 90.478903 78.954095 81.506938 87.132227 31.375900 34.768048 46.602160 42.506135 0.595999 16.958275 17.737757 18.469439 15.873624 88.012981 34.142542 33.725998 32.822686 50.885671 35.475323 33.726156 
35.485217 0.041197 92.405933 66.501033 82.899386 89.956385 96.984369 16.277714 79.536653 72.479588 64.391130 21.727492 73.947400 33.911586 52.039373 25.733265 98.967862 52.834535 90.043759 65.462470 27.696371 92.911279 59.897661 99.957973 93.672520 54.081416 46.353495 63.188946 16.653723 99.121648 37.500027 62.962049 3.162168 46.549210 52.557164 28.245780 26.802963 77.396530 3.475722 16.461560 69.431841 41.003901 52.544063 8.116621 16.050975 68.741280 34.675163 85.481763 91.981667 35.901481 96.198595 9.828217 82.844007 59.208554 18.144557 55.577797 96.057707 41.877237 30.740738 59.562027 59.039718 80.566031 73.266768 94.568616 14.686228 31.434262 15.628125 61.899453 44.084063 20.869648 56.181771 47.058210 7.312522 1.563411 76.245105 51.527858 28.692815 40.134671 43.397105 75.114661 52.138358 89.435446 41.589075 87.608129 29.812583 60.106218 5.168844 72.770000 45.383018 52.373302 38.066489 83.456939 60.770398 68.086803 34.907264 86.383688 50.648540 50.006348 56.643283 3.631907 
41.461027 35.495108 66.292065 70.716786 36.997232 12.461755 44.720390 15.604024 56.833190 95.398253 58.450931 84.763867 26.258361 24.289414 32.179844 46.640041 79.169536 2.354763 76.510859 17.994530 34.082064 17.242636 96.975106 60.562706 77.396196 97.868127 69.636357 78.218490 18.184377 24.818461 23.859617 8.583458 62.171644 18.800382 78.021818 12.743147 74.070895 9.528108 38.911024 77.582496 29.020029 39.610866 39.827377 78.743941 49.414057 2.040038 86.913621 57.275110 22.817558 94.689721 50.099474 21.842000 98.497772 52.088940 58.838534 99.209017 5.974214 8.611812 38.734138 4.642217 21.740389 90.711218 83.414674 50.406080 74.977094 40.035570 77.834588 65.961206 9.979683 28.530267 8.172996 63.537067 67.448592 8.477658 83.997852 51.874667 57.563674 72.684759 12.705861 47.412726 65.677708 45.202336 15.654373 3.043712 55.665660 72.702622 12.977824 18.269078 48.392767 37.218803 36.421993 44.457805 2.342574 71.635294 74.391633 0.199771 57.549196 29.341021 34.566683 62.250781 
48.855835 20.042926 61.465710 54.200679 50.797015 45.415226 93.702912 64.874101 39.019331 97.905201 92.703784 72.531694 40.171242 58.066058 16.227408 34.053978 45.226479 21.434401 47.975802 29.289761 73.012561 22.149721 70.369977 8.245332 79.286051 60.612530 14.787966 41.355851 67.811000 99.463797 88.071978 25.710657 19.025025 53.602445 96.269816 6.833046 43.005341 90.772206 8.436602 93.980527 30.706576 85.408622 62.748635 16.282351 57.478678 44.157925 62.234336 72.526306 49.588060 26.552311 64.667791 71.562082 43.943948 65.915918 48.883274 81.170255 28.481770 93.102813 78.974903 31.213379 3.273609 19.548073 44.477797 38.348171 17.724751 99.886775 96.988577 86.969393 94.608051 77.552313 21.707729 41.799417 22.797906 64.407545 97.594488 70.518982 12.550446 35.349464 18.424463 59.951228 0.284711 85.129821 76.893961 56.769651 27.539474 55.946857 98.863882 5.253238 91.178119 30.648249 5.138656 65.400571 87.345713 19.424976 75.584126 42.436534 30.847284 50.297928 57.269180 23.126832 
92.651910 0.626417 28.191584 15.981065 93.765330 13.926116 56.218493 64.215946 77.441895 65.971488 82.778090 51.354676 18.081740 99.799800 35.283414 8.352596 82.079250 5.958405 42.908141 57.134235 55.074757 41.491613 49.554521 62.830669 95.094520 53.612357 62.916696 40.955979 47.130841 28.031251 21.222819 91.935009 51.719630 51.824903 21.118112 32.115620 67.214668 76.968366 7.349109 16.475765 8.183065 32.768995 48.502949 89.041078 13.395470 37.679404 77.737403 32.534549 8.138120 77.385050 10.574503 25.674522 11.692510 16.012304 18.783225 89.675683 79.168367 82.745796 8.582666 48.859772 86.176527 68.929297 94.733757 90.276778 81.848085 20.723304 96.585578 13.763340 20.464161 41.143775 3.436691 60.456854 98.337239 54.018575 90.216267 64.830178 0.844792 98.419106 29.880205 96.603817 20.382488 68.466699 19.775136 60.710150 55.454016 15.651448 53.879243 48.434320 35.629126 18.714093 27.760378 68.680173 7.644206 76.157099 72.365981 55.039561 49.934712 52.683944 58.992028 79.008073 
88.695836 10.922171 68.934947 89.619875 41.266450 65.213841 49.057731 13.295236 53.042465 84.686685 29.084617 25.131413 83.657950 39.174521 6.171891 30.976000 13.641004 64.361906 30.593079 77.897817 28.643623 13.390675 57.070148 77.980864 24.397536 49.374348 34.669879 96.643078 80.240899 8.768182 66.821110 62.362903 33.328158 46.360978 88.970441 26.215866 10.057303 33.095235 31.618118 5.725239 24.098700 26.854312 40.432182 43.680075 31.034908 3.699412 76.021606 95.106184 49.671519 29.201251 85.442817 37.450668 33.372387 89.695442 11.320261 59.628367 74.017155 6.323615 81.009024 18.692982 72.950363 76.747143 89.241427 80.696321 63.104451 96.535540 72.849703 84.971774 20.574144 89.632016 45.312420 65.811199 88.775873 56.074691 47.349378 1.008955 57.500714 14.483717 27.832359 78.480333 18.935376 46.862006 9.758708 14.598736 60.957307 9.458376 66.925532 17.422298 16.550370 62.060553 51.729208 12.821926 98.111784 64.759028 4.943481 85.085899 38.666981 75.980377 2.160235 7.063100 
9.534636 48.627329 79.526919 8.910815 64.080274 97.175211 23.785236 58.479846 70.732874 7.367766 30.044729 61.741471 88.926464 87.093556 81.345063 66.467136 13.159269 67.824036 18.541875 33.299017 56.571138 91.112864 33.942255 67.501271 93.843508 27.819335 59.553307 12.387647 99.184245 89.618415 16.666606 15.638152 30.409008 84.200573 59.061831 52.172214 58.446932 17.553352 19.195125 12.464000 82.441926 1.435317 23.365104 97.304100 89.981806 24.250127 71.899593 16.451776 4.996695 79.459894 82.482618 85.384858 63.286048 48.652852 8.470652 66.234469 2.776479 64.280605 64.149702 64.084518 68.536049 85.337526 67.807621 42.635751 79.038489 99.905670 14.552116 77.414870 11.721971 11.170251 38.409689 51.639783 9.849887 47.045666 96.487355 62.933969 31.196883 26.004130 51.404852 61.365199 64.934438 53.144610 1.417216 19.143175 39.326069 53.260636 51.512080 63.507247 66.336340 14.901976 57.504624 80.172783 63.949585 0.631111 7.087649 22.115779 99.897313 74.176008 76.185399 47.981486 
24.809033 65.409291 33.986047 3.500079 25.824499 32.363346 30.744505 22.884402 18.129808 7.667378 65.619147 61.009794 91.566890 64.719594 42.165834 81.189436 50.835830 97.828412 2.106538 4.577069 26.801589 54.306394 27.539364 54.079485 13.947630 17.823362 57.256645 12.385403 61.476797 40.555140 10.224270 39.302543 57.859159 38.840845 98.100907 81.966347 8.363609 67.180711 6.185779 64.383376 91.404355 33.006796 45.207459 1.772610 92.249322 34.388962 75.294256 70.551413 57.571757 8.531744 93.017334 42.353258 31.207579 5.802441 21.626981 84.674114 17.875171 27.996573 38.388404 93.929315 70.012575 1.310483 25.287685 10.134254 26.418409 14.184353 96.428615 75.699311 78.371149 83.891273 60.598755 83.226830 93.356723 46.461618 80.415541 43.988490 14.577013 95.851701 79.565048 49.721408 67.712975 51.988024 62.746918 87.451571 98.574716 45.272022 86.878359 64.577127 47.737467 23.595099 62.823790 79.462260 22.253880 20.962864 22.851849 71.028244 71.741009 51.131636 69.402695 51.112318 
44.695243 92.973822 11.043227 3.515464 84.406960 27.729815 55.029297 77.378136 94.377184 97.287738 15.034412 83.368647 76.886094 24.532187 12.455893 46.180922 62.774849 56.903028 69.182247 45.994845 35.336563 1.608990 42.298740 14.922877 8.795119 19.562483 86.638969 41.127563 30.922514 14.673708 21.018410 56.424999 35.009578 5.962237 7.308204 28.977749 29.028973 89.967161 78.044289 90.391290 6.423503 59.821582 21.321766 54.919517 32.325673 97.590446 2.669840 72.003698 66.129756 42.835778 40.939930 77.410674 41.238472 95.004010 32.438532 94.416696 61.386478 22.509512 17.378187 75.180322 55.695558 75.252575 70.045185 49.459994 74.123889 0.174408 31.278169 92.172015 35.088009 24.165437 48.502946 89.000380 29.398972 8.531728 92.756718 62.144911 69.550353 32.753047 80.477977 93.333215 51.289451 21.801500 17.818090 68.655878 99.393392 4.745293 54.141659 58.882976 46.145961 75.167918 47.154123 19.349714 10.629978 58.044761 58.315802 13.695510 80.434519 62.926346 3.058087 97.260195 
52.146149 20.350258 26.786461 0.074614 54.029322 70.793307 23.062229 6.883266 87.047958 15.072292 20.014048 76.107943 46.192527 57.817364 36.428902 60.537732 57.662535 34.213558 27.283311 50.588346 38.304895 90.384257 88.160801 18.612508 20.419142 84.506047 93.154585 49.117681 20.883146 83.040041 54.000443 85.423797 17.747396 80.495632 90.086436 82.756257 84.363699 0.735246 57.273561 96.757311 0.162759 35.497627 8.632722 90.150636 61.790305 9.675461 15.474790 84.802061 68.206906 53.516513 52.006507 73.330903 72.497582 66.862303 54.702312 81.757993 6.615125 80.400705 94.678718 65.181935 12.752648 33.747610 96.096921 0.936576 41.034052 59.304607 32.514006 62.905234 48.243374 26.404497 80.380183 49.699402 97.864592 10.195080 48.717543 95.762306 77.066499 56.691474 13.563296 58.311492 41.275766 21.819492 20.198476 75.792360 42.182252 57.107300 2.403041 87.901866 66.642487 60.255313 11.019667 7.546572 35.246083 80.937618 18.524735 45.215061 29.512259 12.566060 97.776234 25.152472 
37.570283 43.723249 56.644213 19.266644 14.500402 8.247258 11.660607 79.826963 51.763761 93.491566 12.765278 46.033964 92.831409 17.498456 96.537411 4.235793 90.963560 24.597742 14.256069 1.764612 57.836127 51.800275 7.248749 29.725707 99.929547 15.882070 29.960620 48.159873 23.015180 16.130395 3.547340 20.133673 86.634898 72.741526 66.883498 10.928901 82.030678 89.581215 91.535360 34.810215 55.298680 4.913189 75.973535 87.164259 69.726801 98.293495 18.778926 17.400727 54.002422 18.716389 66.344380 49.975717 41.882628 21.307482 14.846423 23.828161 79.892647 55.738103 90.272802 14.985062 53.937864 33.636466 28.091279 30.124778 7.127219 87.166983 15.521233 65.353256 92.200685 16.917650 34.938693 14.603350 38.507235 91.093528 8.942098 89.849502 0.552439 84.846044 7.422356 47.528431 10.337938 49.726325 50.328910 78.033441 8.088541 44.109169 42.809564 0.338820 94.551581 28.414857 68.527120 35.273939 49.103981 90.627450 75.543976 67.618805 69.217545 39.239112 91.754264 13.955100 
43.353629 44.455785 68.390220 34.402773 7.382888 84.197462 6.719854 40.598893 45.612621 11.336061 25.188035 35.321757 52.753145 22.095373 56.932509 64.685333 66.437763 19.495374 58.761328 1.633779 58.927679 97.536892 2.516849 0.685295 17.755367 14.452551 4.022075 99.011475 85.886717 98.047519 84.602672 17.112902 16.543150 40.709567 5.708934 50.059164 44.356260 95.636058 55.175787 39.493644 69.686055 13.489316 14.931513 53.950787 50.919175 98.549718 25.124344 64.874798 50.702536 57.515341 60.328758 45.448628 55.103248 20.339409 44.430494 43.303320 98.901111 30.989462 39.877078 14.049985 38.081241 31.396317 77.898777 44.693941 71.086597 52.464908 77.671415 23.448020 90.873671 13.768812 12.404433 81.309986 76.959175 52.881622 81.458741 77.059966 46.845248 28.091592 35.372359 3.214169 20.535517 40.434688 85.785943 4.335118 60.332823 13.731353 82.843465 50.093961 29.236487 77.619570 52.114069 81.152546 30.872339 71.401989 53.190452 71.971792 29.920155 68.049169 2.379318 89.192176 
52.948207 0.479279 55.238909 0.296952 90.874112 21.191339 62.842709 97.397560 60.744292 29.329586 42.351055 94.173986 82.142729 72.802889 98.114866 16.584460 35.022786 27.968940 73.975569 7.349794 27.996179 31.807211 83.803266 81.497139 22.414549 21.317746 87.354469 66.600633 56.843936 76.080942 92.443115 91.474187 6.664000 1.839206 11.539089 37.467816 21.569042 10.898470 70.583707 0.356293 88.214171 15.609124 42.547584 97.253996 47.939610 21.008690 93.042499 65.298080 64.816624 73.019183 33.406258 58.951110 91.263527 66.101420 66.552687 50.997132 8.802111 37.080112 5.450610 8.403513 37.843424 34.403795 24.576639 59.564233 96.052188 49.073717 81.956494 42.772505 77.505398 33.218244 99.027127 48.918465 72.646546 70.513129 14.206637 70.964992 8.627357 99.988520 7.009561 9.682178 28.359991 46.396899 92.692655 85.424334 26.808766 74.946743 29.928476 7.878995 22.271177 11.681176 25.530216 86.326504 89.541435 22.932549 27.338040 70.426220 53.468037 37.265030 13.355845 71.685904 
24.963793 66.476506 70.646948 63.273501 37.758809 12.308673 71.859413 41.131592 98.640954 58.539397 71.629238 72.556484 56.808007 72.217858 65.554464 73.826921 9.110116 13.718577 68.119979 92.492247 17.177275 98.465133 3.465152 38.812369 19.486339 6.916459 44.929561 31.148049 5.272351 12.406749 20.239913 72.224957 84.875286 98.944956 67.852300 93.629879 37.421566 44.247004 59.396082 69.938505 56.468534 66.703886 92.159748 28.925008 42.596391 17.545152 81.360239 21.554337 63.749558 38.771933 39.886695 75.698161 59.018886 30.402529 75.318563 79.045624 19.808775 26.081586 53.193027 15.203092 18.354301 80.727911 93.978035 88.858193 39.701644 65.530324 68.161941 97.783512 47.492710 9.966978 14.998737 83.776414 30.168423 40.709245 0.278999 89.141750 5.383720 84.174526 21.266472 25.610170 30.131322 17.148753 19.085145 64.019585 77.177811 27.470779 1.367213 78.744513 59.020144 51.521206 16.886085 4.447035 41.324759 45.195016 92.661417 60.395485 66.906297 94.149417 69.288445 30.864096 
32.840031 42.420274 57.544988 58.659518 90.494406 39.464971 87.784410 92.568409 97.262144 84.862721 87.766033 83.714837 95.221090 80.911875 85.879910 83.671391 65.059191 49.813280 11.785194 73.748577 92.368096 30.628881 79.611003 22.101878 66.255933 63.432795 14.941378 19.728160 71.193844 54.923922 6.353734 87.220937 22.291419 51.871532 4.874992 33.987418 26.555780 22.994590 70.081997 68.168139 1.889094 49.996811 96.402282 33.188570 0.291746 3.369042 23.489669 90.856308 22.002548 96.816236 90.459090 45.906085 43.547621 4.888348 58.471954 38.086870 26.011643 77.680975 84.115553 30.126461 35.428151 40.962690 59.926820 90.095305 31.807891 95.231330 52.975386 57.306015 42.240381 34.074542 90.804511 51.392537 54.340518 1.054920 30.040839 96.397549 53.625697 87.137485 19.663608 86.248535 79.120779 82.914335 41.247797 51.747406 18.644349 55.567485 22.768587 71.633506 44.378290 65.936023 86.699110 51.950109 25.487933 75.667131 37.457114 41.740209 27.678967 0.414035 58.680046 35.569984 
24.697107 84.287441 18.995099 50.633782 1.930788 50.757390 79.492164 24.769397 99.263960 29.379347 78.698790 90.520769 82.567388 10.120596 96.853000 8.321202 54.436392 12.434696 89.933205 7.350140 33.802563 19.692235 67.391801 54.030013 82.427984 67.138082 89.755243 16.334078 26.847428 24.740444 12.634407 46.480626 99.854279 50.888008 74.726129 22.041251 47.297090 22.182819 26.655000 90.612310 21.058623 32.284424 4.318920 88.089436 19.155677 49.468780 21.794952 7.776209 94.739473 86.321199 0.430397 33.676749 5.139527 80.024141 65.702862 67.969501 63.355625 18.019640 56.086940 53.163326 15.992649 88.461137 66.327971 74.258208 57.682794 74.730277 91.753852 6.991196 1.029740 6.840096 61.502832 78.114921 77.498895 23.897953 52.894783 2.656981 55.873811 71.187514 48.500171 42.356786 90.489197 51.932508 29.700479 75.963384 16.591673 56.249332 82.538384 22.613707 68.568224 26.120076 0.123840 81.386119 56.529069 84.092754 46.929422 42.783749 66.495782 94.572544 80.786961 86.439139 
82.618850 75.048661 42.894524 28.261456 90.305859 70.570409 76.826578 24.293238 96.441382 90.264708 78.909546 32.722974 75.020528 69.977552 12.721339 7.546370 31.833786 30.461985 74.604255 73.757541 42.996749 46.360821 86.323565 40.135917 64.337337 17.620619 49.738425 53.728426 13.609496 34.807068 2.387728 30.542669 30.632302 37.082380 43.541551 2.818406 68.946546 84.595865 2.721124 33.924091 62.199301 83.650714 17.563699 93.097049 82.116538 32.701099 7.366656 11.380403 70.424306 21.354094 98.258942 38.037282 92.599583 21.158519 11.247247 32.473236 77.680779 80.816740 86.948758 47.784847 19.932084 98.536253 98.798269 2.502157 53.753173 29.540324 84.250379 96.114719 0.073714 38.911122 79.247946 20.261344 32.423431 40.575451 51.612061 43.928906 13.134368 49.325374 11.550274 25.465813 3.931808 81.903452 51.267654 55.442894 28.724879 79.039675 19.797949 44.148239 99.462295 62.762278 45.657581 66.973579 24.940817 80.300748 14.720380 5.420965 10.164323 31.789768 90.624344 23.338181 
44.802994 3.915841 13.534117 67.897111 46.702698 32.241172 77.361917 21.715085 65.440398 56.774992 17.287581 52.378613 27.335620 29.776058 46.196419 23.221549 84.570634 78.654784 50.950003 16.739888 47.307536 97.741586 42.857292 2.518190 23.222890 7.123883 31.098875 78.806973 8.825053 22.655585 72.428828 11.327838 86.972791 51.675588 11.642116 69.035578 80.966365 1.662944 49.106494 32.822537 48.374972 38.152885 35.538796 0.522896 88.311434 50.298959 74.588156 3.098213 71.669394 47.503349 88.811255 50.764489 98.796552 73.658073 71.234971 46.125376 29.189175 82.461238 25.992501 55.978066 23.333929 73.357636 21.755439 43.668863 42.572805 21.145810 97.621018 16.469416 1.487738 4.410797 32.266527 3.522592 4.201278 10.884030 27.893475 5.622425 96.096629 96.073270 3.452499 26.157394 27.322030 1.343905 87.004989 92.879981 33.845118 34.912816 79.699051 2.004128 83.383942 33.896232 93.957019 35.631454 57.863158 6.084228 57.622856 67.334116 84.432083 50.007832 81.618792 67.021430 
29.165217 79.796106 33.100092 13.272195 65.776497 5.546226 15.410696 7.573550 88.662875 56.924796 35.063443 11.282979 33.028117 3.546385 4.094312 13.091879 35.194224 9.303132 57.752550 47.074217 76.344746 26.184610 84.756094 95.677739 55.755579 84.060615 6.783938 17.643483 34.018636 51.202703 63.852996 77.339602 46.681732 79.862809 54.219663 69.885916 72.575611 78.294128 89.402753 92.055863 82.890981 48.751467 65.903133 33.933607 22.126462 79.428750 58.959562 33.352825 60.952717 32.298201 35.872230 4.550777 84.899735 9.866907 33.111200 99.950665 70.868182 81.493884 67.682403 38.103923 12.654765 88.633054 55.722547 28.803197 95.328546 86.849713 83.109063 14.010023 66.460580 2.953032 31.614074 37.757918 97.331351 47.994241 39.226505 79.883492 1.877160 49.434358 43.274432 13.399339 2.686009 43.759498 65.901232 1.998889 95.335722 7.472063 82.961261 29.917291 19.888823 71.446198 96.281517 3.496401 64.007139 67.989916 6.546614 28.952390 2.828383 36.638248 79.013515 80.157137 
0.975749 99.411714 12.656574 19.033019 87.953031 26.556200 30.035976 14.629991 86.276519 49.412784 80.680311 93.982226 59.229779 74.877512 66.345376 66.688144 27.675429 40.912497 16.338132 94.986928 45.339134 14.811566 37.989202 84.530085 97.147852 63.972735 89.812195 73.524863 32.412040 49.142459 37.314081 37.748015 30.907521 62.698269 69.852692 14.153208 72.957212 91.816688 63.032943 94.627494 4.264097 66.673768 85.974449 72.555053 32.733315 48.827752 48.022857 20.156114 63.811111 73.365515 54.176044 36.736688 33.503282 89.647925 12.724586 62.110251 86.985165 59.647268 91.593999 20.383331 82.651991 32.016146 95.356625 58.818126 56.269258 17.404462 16.801210 77.928448 43.449673 58.634269 66.195619 49.818578 0.846928 34.316313 54.253083 31.535131 10.942581 11.954536 19.875067 40.251338 4.250876 44.476098 9.785055 57.413143 42.702889 7.467107 99.659735 81.161630 83.520973 37.037045 81.636673 67.604882 35.225537 35.602987 79.391813 38.175866 21.766205 24.598867 33.159098 4.984314 
71.370828 29.463911 99.957269 81.848443 26.791090 77.832723 34.569639 11.911441 95.582944 62.493849 34.147805 22.152230 12.522021 57.618493 93.990856 4.358056 45.851946 33.637497 45.409468 96.942383 10.584172 88.178903 22.864178 78.240764 92.527443 8.763136 82.025528 3.043488 51.904303 55.641639 69.059974 91.015673 0.458466 5.433854 26.779443 82.074881 32.489929 58.229506 63.293195 68.691355 95.603853 13.984703 40.904883 88.337862 94.461846 20.294634 91.903961 29.821327 7.037690 82.449663 31.528357 97.094733 71.211755 55.934691 94.377285 99.078411 10.880339 65.866369 16.036275 21.676107 10.317724 9.989113 87.022072 79.920685 26.916838 91.270173 77.802491 26.480180 52.397627 46.944976 4.199354 78.541559 47.983971 66.628456 24.426457 35.464665 54.614997 14.280888 18.879572 8.946785 68.612516 70.544755 45.687547 70.620006 10.452300 71.797305 97.334981 9.066532 81.202501 70.454711 32.316613 45.294783 69.389027 21.357507 55.617619 65.332806 48.445415 22.110374 9.053516 62.453914 
62.968552 12.440196 82.377493 18.549909 68.307799 49.185503 60.723394 78.043002 68.730247 49.287260 70.971340 15.351641 15.036532 18.985672 92.206150 8.792964 83.341265 16.601662 24.135910 52.246958 14.622241 56.008166 29.236701 81.213439 54.266381 55.116498 43.012917 18.117407 99.248815 74.859560 64.598143 0.958729 13.357134 93.346161 68.946260 79.766214 30.752060 49.879766 29.202890 12.988508 97.849816 61.864382 54.699761 38.889056 8.380570 52.248383 38.581106 32.639009 63.809538 46.862295 14.610274 54.873604 60.696536 26.675156 29.336005 50.221902 79.507959 90.298539 47.571188 28.948119 31.049621 50.968069 20.361537 16.337213 79.534549 37.130225 47.663423 79.168731 88.896537 84.130365 79.082483 39.315209 70.701182 74.758291 62.640661 1.629069 79.768652 71.732497 8.046040 29.790968 96.809286 73.658353 75.955832 89.719182 10.319523 40.220812 91.190112 32.159257 0.646430 64.554846 73.347437 50.423694 71.025950 33.101439 35.917795 70.366490 49.545997 19.567417 69.575000 47.068515 
80.521816 30.121702 55.433267 66.922522 66.807604 35.366890 11.320854 69.596034 0.544134 45.261964 17.817043 51.046550 39.370069 92.770356 91.344833 32.598796 87.976724 24.781433 1.541170 2.436581 51.614112 78.370410 71.478647 41.666758 93.185830 74.247491 77.623081 11.146024 31.227174 35.136059 31.752047 56.632084 15.426509 73.346877 40.949091 31.379622 97.298390 94.068086 2.348876 77.555031 67.355025 35.948762 90.839607 41.301987 62.506694 49.973240 0.274517 13.810597 14.711505 56.266803 76.151669 81.119907 82.275158 98.604304 42.525873 32.324487 77.646512 4.924315 62.961149 87.998575 92.084682 67.245412 93.615174 90.280479 43.973020 54.531807 16.072628 32.645535 73.518014 17.268929 38.895738 20.692882 85.277134 52.757263 91.357177 40.050018 20.665698 28.375259 2.993025 3.768494 37.078354 75.899023 34.869263 47.707346 17.370665 48.764893 91.572577 60.285819 23.789294 26.657695 35.866722 12.011003 68.938953 56.976742 8.086324 6.858782 75.553119 21.247301 3.383678 69.471669 
10.383871 21.718605 24.597576 11.454230 11.236457 51.130784 55.053049 76.577753 42.337000 57.956940 82.313430 41.847330 28.103128 29.271439 65.069193 17.953432 43.318105 47.369552 40.072316 95.403999 54.978240 19.227706 60.060185 31.556505 70.179188 1.660537 8.648077 48.226732 46.661884 46.295908 95.304990 91.009176 91.167915 59.145105 51.818180 8.172647 57.679808 24.567945 13.454527 30.239120 28.874189 88.508630 64.493984 50.351757 61.982596 41.514385 32.247543 84.441519 8.578681 81.898141 62.014955 85.353130 30.070034 87.070203 88.945776 11.691435 97.954524 21.644643 81.515783 35.718980 28.898916 4.052051 2.816780 41.615298 28.332111 77.814955 35.933387 32.452810 34.380218 28.354955 61.732805 43.208078 98.169893 41.411644 5.525867 73.242617 88.629711 99.537039 19.022118 4.720506 37.552634 47.111681 6.011374 33.160776 33.150634 62.716573 77.457958 35.917050 57.859164 39.006764 86.702019 0.799176 31.746405 61.846143 48.120528 61.729240 83.336353 34.090599 60.696852 32.016653 
3.876412 50.854301 8.222999 3.938074 87.215859 36.898687 56.218880 70.765054 48.263016 56.505102 81.208485 70.978945 43.128860 66.734654 9.278490 43.584999 33.094573 20.496848 90.528286 8.935861 85.016847 78.187817 2.676304 80.635267 36.936742 95.828909 96.501052 93.219405 38.536543 83.685994 10.481608 64.388990 85.720712 8.045487 20.505764 40.377432 23.504102 33.439320 14.668718 37.140864 26.488134 86.090016 14.903373 80.994684 77.690113 37.763619 93.137068 54.674017 6.217624 99.608421 18.737218 16.417876 35.239363 67.944413 41.708419 93.375868 68.232614 85.575920 74.523622 18.505874 28.220496 1.863983 27.959067 8.022885 40.628672 46.062762 76.814866 27.471009 5.222482 74.258953 70.201856 82.576191 58.027238 63.742220 15.502705 53.954548 14.070930 90.116024 80.029666 58.654302 2.817938 61.085743 68.041456 72.735512 65.731585 50.786042 61.043966 65.951174 41.375428 96.806520 27.156416 17.880026 9.576298 48.830673 97.126281 1.392703 7.163096 90.158212 89.100289 8.567628 
96.129870 54.768032 86.304444 18.808673 17.369543 29.907256 51.272047 29.261991 6.296424 23.999150 53.707266 58.008236 44.403657 92.286879 65.553558 58.603072 41.804621 10.245843 1.883362 53.662032 97.768033 87.277669 75.817901 71.443737 54.865158 18.675326 76.202613 37.356791 55.602956 18.834262 47.423837 52.443051 10.363469 78.821105 46.331879 99.912369 27.141482 66.881317 74.326539 6.103089 74.610376 76.598382 88.994288 26.976061 86.652076 61.465681 53.733444 97.991061 35.777491 12.290038 58.670026 67.155910 89.341611 64.480191 18.536265 39.005354 62.992030 7.069996 25.422817 81.271482 29.774788 24.874260 61.671531 13.430846 32.235372 79.888397 84.332657 78.955120 98.706949 67.729229 25.192490 10.162977 9.159821 49.109927 90.549052 57.946539 7.448863 93.046850 38.389325 9.373873 46.683696 12.853302 25.458023 73.000562 20.476708 52.029991 68.060881 99.226594 1.331998 86.890990 76.867390 10.240850 17.959639 47.652215 90.777069 90.183032 6.177682 28.296903 86.036563 16.543403 
44.983548 38.495040 86.125612 13.193302 39.824405 28.787443 30.558559 97.707933 77.256542 50.721985 84.435308 4.199960 88.725233 4.953904 60.273695 19.978116 72.193986 64.308250 28.735507 57.649159 9.430060 91.008711 83.447987 10.270883 22.728369 95.682520 36.076826 43.226552 8.645093 98.082399 70.899475 7.436071 78.044748 98.042351 97.765189 39.584559 97.690731 88.170809 86.826229 88.407260 60.817051 52.170044 21.904829 54.466730 22.385263 29.133037 38.933724 59.098434 67.347538 10.054568 87.133318 49.649692 62.349582 9.468953 44.699162 58.818632 64.762431 62.212157 99.696857 5.051613 2.455712 73.143274 19.013138 53.809321 73.306543 63.046986 30.707574 2.182099 74.536180 29.608878 36.441419 70.901144 35.562477 98.547775 92.449254 94.609296 98.482370 93.214560 57.112563 90.845710 43.830556 60.146481 81.936127 0.462767 77.727592 67.636079 59.557056 75.488532 35.754928 33.089143 29.220250 4.766511 10.744697 86.123264 73.728055 47.373915 13.389742 41.403323 65.636557 53.663564 
23.540264 41.214025 84.143889 6.328160 57.377952 51.275903 94.123811 38.869441 78.667372 62.540597 19.765012 90.556270 79.248220 24.781074 95.496082 2.649019 22.063248 17.008512 62.064475 17.591237 55.924267 19.140184 89.079213 54.353201 14.222522 37.930274 94.118708 53.133911 21.659601 32.917544 45.164829 85.300595 47.049749 65.123826 36.182204 14.312001 41.796085 66.800237 11.533380 41.514179 28.825071 62.966764 82.371283 14.195448 82.902032 34.500951 57.459366 19.529518 32.627505 70.488042 92.496037 80.865139 0.369925 17.335047 50.125909 66.157508 9.191123 75.198472 60.668039 47.704488 69.316757 6.745695 74.894297 48.475811 32.951581 17.253640 81.923163 82.649434 89.007115 42.595664 5.330537 90.334284 48.327988 48.488662 48.944503 10.284594 53.165638 54.855269 52.501941 0.115866 47.353286 66.676891 38.465908 96.500129 77.629280 15.262562 17.884180 79.418814 92.052060 19.021548 95.169985 21.989763 81.937003 15.255387 97.300959 37.255558 54.171407 58.843964 90.513009 52.118248 
51.421607 42.903182 73.787314 43.399930 22.612898 54.974604 58.135849 89.239722 51.971984 93.114412 73.882020 35.135520 22.657022 96.568483 26.481587 76.028568 12.142495 78.909189 26.749888 85.380614 91.995651 70.940655 99.590778 22.182782 26.010892 65.052342 34.740606 85.378569 57.575279 67.748404 47.383761 78.902584 15.700753 82.550871 32.518494 38.353780 11.982412 88.392055 5.246963 85.698229 30.108550 34.408772 8.247570 16.903493 96.991241 31.769097 43.214941 13.537621 26.792884 8.019812 88.972282 57.199681 55.006784 99.005276 81.625390 77.941430 61.621457 71.785444 97.959793 10.221142 86.740649 50.073987 93.496984 3.814910 17.199884 78.468227 15.538213 50.747293 9.721778 93.915218 33.054373 44.852650 38.508120 5.955021 86.048001 8.795816 31.287947 56.553161 89.021271 80.550158 6.548800 65.671366 38.669014 10.128389 27.837461 64.204901 91.790247 18.637607 42.248705 73.980284 86.612916 3.253158 75.828809 54.744345 88.247478 75.365925 75.077379 25.547498 76.810026 46.086159 
70.071137 85.634512 59.210008 42.627788 45.240447 56.187129 37.084934 86.489534 29.584619 28.712624 73.059809 16.213146 94.354987 24.235240 21.671002 24.520369 13.832815 88.116974 81.984460 12.799981 29.294133 46.492779 4.135040 97.619003 82.603931 24.324663 24.621128 7.280681 66.409588 45.906118 44.125208 12.377113 22.144729 86.466604 44.233763 36.868924 56.008232 30.342567 67.502904 21.298410 62.380141 23.023565 57.050437 46.653089 98.444051 49.180287 73.064923 2.200683 86.879534 84.349662 64.805430 84.881091 96.517080 62.610859 0.742219 74.481267 6.672546 45.467952 79.873312 30.780205 22.925088 1.962734 87.675279 58.448601 45.611668 95.319396 33.104602 89.029884 25.258163 13.944009 56.957686 87.878251 69.794691 39.400831 9.749785 64.632195 73.322242 26.956072 50.692654 91.449177 86.309707 7.238036 49.683994 38.882208 93.247634 13.000788 4.246826 76.413298 78.256691 60.168141 45.965603 43.910229 99.199915 52.952260 68.624258 67.914045 31.397837 3.437782 78.804213 62.373984 
19.575398 3.720537 31.064847 6.865301 85.112894 92.435962 71.168023 20.938441 12.386956 87.576175 92.771041 2.852726 45.762482 30.042478 23.935413 82.487059 60.024160 26.017794 81.050092 8.913792 14.100948 94.640571 24.080983 29.068005 45.977345 41.215345 6.300340 89.806396 76.045090 89.799380 58.172923 12.325934 61.975878 28.554049 7.889935 6.144680 73.629588 92.530400 58.390927 76.293921 71.952057 98.255843 85.970795 11.156401 5.631553 49.514601 91.872907 7.901892 7.098450 3.646849 92.585737 88.503259 74.265337 77.499813 39.344075 55.873466 65.320867 47.774178 40.607268 86.350310 89.611346 97.894406 11.319070 39.599907 55.663520 36.743587 49.456421 14.055720 34.496629 84.869790 6.544491 93.264145 90.514451 76.369035 34.411946 61.554533 47.086093 75.961775 89.547652 27.422404 88.347536 57.082844 91.379344 12.651719 37.452510 64.356983 47.798702 52.790833 55.500656 99.510068 65.742290 30.644619 44.107065 7.421070 25.922173 73.966211 50.113338 54.909712 67.521119 27.462846 
68.037188 0.985705 66.751230 87.873757 94.229531 15.748750 89.242929 5.878449 99.091583 32.220235 25.514179 16.834870 43.652073 60.389149 60.425413 69.926614 56.637853 12.359224 21.468145 15.106606 96.723545 32.640636 91.174436 68.738538 88.619328 25.059876 81.342149 17.470151 20.836598 0.704432 39.390969 44.009197 62.585133 68.293053 1.382302 32.352531 48.968470 13.063209 53.355974 53.838313 60.486287 93.052214 28.606230 84.919137 35.914233 10.519024 93.233848 81.229126 17.881197 29.280746 21.519881 84.645969 44.829845 55.236727 63.701630 33.330533 86.265290 60.690850 31.072143 29.484943 53.408629 38.821450 72.109932 51.630598 55.438751 59.100717 5.722573 79.291171 46.709636 48.841551 79.944789 32.047275 18.565847 36.184853 58.829170 41.888821 25.433412 59.348774 74.837303 90.572822 57.448250 32.767305 20.081487 9.563436 32.667920 49.725324 33.514741 82.249397 65.614337 80.165744 45.676708 88.422912 23.898105 55.457139 68.128818 41.056299 33.240703 76.493698 29.594389 92.896545 
12.240813 31.343752 94.417512 75.171846 13.169548 40.592700 41.522694 71.907538 49.963373 34.432188 1.772286 86.813128 68.241316 31.837457 92.169780 97.448653 19.480920 15.826912 2.920921 91.924083 68.116921 41.083956 98.062080 29.345760 14.208600 3.936704 64.175028 89.650393 54.150343 4.776672 81.516075 40.660548 81.858349 93.252486 94.510078 30.849001 79.162359 81.785631 71.115619 40.203455 99.474716 71.566683 21.230125 14.727613 27.000481 97.088015 58.227938 36.963722 49.264485 88.178927 23.210886 5.364779 65.843219 26.963979 83.614147 2.935442 35.980803 29.348597 61.890757 97.910964 89.600497 15.579136 38.544273 13.619375 0.840361 23.948070 95.210910 9.721004 80.917186 75.095826 35.533550 12.369020 86.127126 38.631350 77.097207 72.766173 81.082350 51.059693 60.299867 59.838068 98.424542 21.307850 21.044907 1.756370 19.307826 6.642585 41.924831 30.660635 13.273904 94.492227 30.844700 6.898362 40.772590 64.933664 40.075353 46.464795 33.815640 39.470771 85.250884 11.566830 
3.702633 30.145645 57.833868 13.837689 70.053583 90.549868 71.599638 75.120276 46.531418 53.544468 21.819538 20.984244 82.186288 4.956600 5.580546 92.233676 71.404171 89.921951 18.272886 12.378813 50.713325 38.854665 30.341372 47.445485 16.254957 97.060418 94.465470 81.174397 98.050368 32.501617 54.683894 72.236049 71.246964 47.755346 24.071328 66.816413 83.476233 85.038793 46.955383 79.100704 45.569646 89.042789 42.181641 46.817973 69.672966 93.584776 79.314047 31.168285 45.377401 57.989633 31.802818 9.952863 77.774441 55.033785 52.807903 42.425525 45.822522 39.140877 40.726104 83.628005 35.838801 42.710596 37.010735 39.436638 11.575667 52.234596 6.904140 37.880614 59.501386 39.792085 85.571676 3.144003 41.262892 5.439948 29.200789 77.646971 12.659898 74.910951 28.299034 21.875075 54.382867 12.874943 89.179140 33.859172 71.099335 66.530973 86.098927 64.660168 43.417028 9.969785 62.172961 40.948224 16.808487 0.244427 8.079225 87.533259 71.512413 9.141922 48.282292 80.509746 
27.253601 51.273030 45.805371 50.872999 22.529206 48.356125 21.394676 80.331719 35.196632 49.792072 55.345726 95.648062 56.937242 44.210640 48.210645 76.295263 94.481826 56.086570 47.011799 27.291170 82.677889 67.324281 19.209601 55.762339 97.661930 4.086393 80.016208 32.413530 74.207187 0.234388 39.352879 3.820018 3.052808 8.542824 79.241097 5.099452 6.486018 10.501480 98.380864 87.137282 16.291225 6.615624 88.787442 50.572491 71.845198 2.234017 47.119221 32.760990 13.947311 12.464648 93.333101 49.421296 23.731470 54.827684 88.869393 27.853823 39.187518 24.591769 13.875058 98.093885 63.973653 5.208226 34.661701 59.201860 5.681979 97.023517 74.259359 77.076536 25.369295 81.742251 42.018104 98.244047 87.703818 38.061813 4.883322 73.992556 92.894095 71.042806 16.426966 88.001478 40.877399 26.431811 39.435869 98.662943 28.037941 33.683050 11.027955 46.836379 79.030561 66.659385 44.247642 70.122904 55.630934 89.123136 92.574698 2.935348 34.385788 21.947375 69.526088 25.014079 
11.637514 91.696960 50.851488 60.990077 60.232854 33.535877 37.487516 52.664375 30.179647 29.299700 40.052328 59.469616 5.882652 69.740999 36.987585 50.318170 97.440755 86.780918 26.860052 36.880443 49.612257 33.222979 78.600168 33.071855 38.638902 3.999437 18.539579 94.700146 25.353795 21.224332 17.356624 12.763077 9.032455 8.476626 66.656184 90.443701 87.290758 95.722443 7.061204 77.647662 24.217097 16.762699 30.678320 10.524886 91.762358 49.905396 59.963906 13.386571 88.101834 27.530411 3.616756 86.816800 29.943630 62.605399 8.969431 49.223721 3.103954 68.156004 97.970694 93.465406 73.050898 66.406262 90.090799 56.081510 61.900812 66.998893 50.359553 93.004626 28.779468 96.506941 92.165059 18.176922 99.532378 40.639463 27.464694 99.129784 74.310440 35.575244 13.117862 71.910322 96.804196 88.094223 99.625623 7.852690 80.157232 2.567632 54.197824 2.779108 8.469852 52.809119 62.854695 98.910916 95.713401 55.165464 65.947819 85.002869 43.272302 77.581179 6.844793 40.441942 
7.707471 39.460149 6.723572 3.081496 90.698040 61.986339 4.381260 35.838360 35.313115 7.493383 41.286099 95.470971 80.641794 46.681222 71.309370 96.571004 68.829286 13.846432 16.980360 88.908017 76.994801 51.641917 45.709527 40.037158 4.513118 51.973426 17.401981 75.099969 5.131886 51.611418 33.136344 22.524519 69.586068 33.018354 39.445421 59.213865 7.377689 96.823090 5.699246 87.221378 29.674816 44.620869 42.935950 24.521875 39.167553 89.090973 51.972938 9.142032 50.118357 39.274842 92.262191 50.593978 32.999268 18.698114 59.196168 10.018703 84.331489 59.285104 4.784011 4.872959 99.815923 6.265189 99.036825 11.875995 99.856150 82.289749 43.793496 37.275493 89.221406 44.169489 56.598306 47.725946 29.962113 73.253560 72.625303 13.474949 73.465323 31.726986 35.474023 11.894498 10.825191 38.994935 87.862933 12.292274 96.249121 58.999455 3.856664 18.953633 53.703421 93.434429 52.421248 43.894511 35.045081 2.680630 53.350061 54.526383 24.877425 14.876755 33.622202 88.336718 
75.215244 42.566031 7.295616 17.416900 25.847447 18.018648 39.408162 32.983011 45.490521 59.164995 86.068326 50.336224 0.901180 46.132159 43.183374 82.960659 19.752401 78.609580 91.253734 1.490177 45.408449 79.815936 66.442376 97.052348 58.780491 23.695135 44.140002 61.029476 22.365604 98.718596 63.440114 38.045469 30.212981 89.548779 46.308997 15.337886 83.846366 5.877703 86.549044 29.760957 92.424834 84.133446 30.877396 56.397140 66.723466 21.331362 16.217858 73.524189 21.038759 98.428732 91.659868 27.376306 13.558114 71.208698 4.616407 87.946653 19.420248 96.100307 57.813931 78.755605 45.423126 26.482746 95.526403 12.234095 18.448374 61.823547 68.399179 85.016555 73.193032 55.259913 53.318644 26.422548 83.777994 56.748343 69.345337 87.074238 56.719786 89.475417 13.363133 94.192058 85.961598 56.584823 21.161947 68.840718 5.902403 1.686278 41.272551 67.772150 46.541119 16.558345 96.101213 73.119181 14.054096 7.191211 62.680739 75.135887 8.818879 18.899843 49.663857 0.450434 
70.443857 49.855769 25.917128 89.149499 35.641897 33.351487 38.446426 69.080836 41.647193 64.366406 6.155110 48.934785 46.908352 88.684368 18.193915 85.133028 30.758163 52.442771 5.608949 69.614810 16.098647 69.957221 71.044755 49.175626 94.722188 95.787591 2.043831 50.664097 11.482212 81.530029 75.204313 58.908540 75.790155 5.123611 12.526664 35.641915 33.662194 60.496616 66.612130 50.057429 15.225729 98.834807 16.606048 97.837615 56.751680 25.501883 10.165502 51.588136 41.767010 78.121740 92.041719 45.196322 14.587770 76.662749 70.776957 48.359016 69.980776 66.920513 33.036819 49.811053 74.355584 94.276786 9.914701 36.372957 20.298077 49.793264 75.378883 92.924368 79.880464 50.953323 72.508246 46.124506 14.585952 46.102339 42.021817 60.696906 32.945642 17.411864 41.206044 49.993658 43.409154 77.671272 21.094631 37.460774 3.248427 96.309763 78.201699 35.931846 6.565528 46.838379 12.630731 84.691441 9.016890 46.869278 31.934592 24.701881 64.521027 4.937807 89.715326 45.488226 
20.645170 83.382642 12.061444 16.681880 72.343063 69.860107 38.768572 83.388919 17.559336 19.758491 80.965185 81.908405 34.575441 9.428784 69.576985 80.368930 60.656583 55.207109 65.879589 38.240987 16.249509 5.504421 12.804657 7.873228 25.347072 8.251475 82.538557 25.497723 40.243155 66.681308 12.697454 6.113107 42.989233 20.033830 8.577587 63.509303 0.827934 15.088101 85.720068 97.169185 22.441581 75.661176 37.415767 46.809489 27.087477 59.237713 8.191103 67.874825 72.185886 28.157598 44.757852 45.222127 48.275065 59.039795 81.858945 3.309369 20.567840 83.688021 44.581881 87.685704 33.670050 92.535293 40.635893 67.448181 1.601410 14.897189 77.038586 87.557769 83.389968 35.164753 14.012919 15.137465 15.380168 94.475996 58.118427 96.441156 86.549526 37.921512 46.876529 53.802902 65.369952 72.795588 75.467050 74.752688 68.458134 75.886554 25.321355 76.044929 87.111020 74.942696 61.897761 15.655561 23.007998 95.409429 46.319011 83.599347 54.214990 91.381168 43.330306 52.428252 
61.659455 10.450829 47.084764 53.615141 9.701169 47.545940 4.625858 46.789861 97.214621 86.159045 75.026435 69.329399 19.172922 39.308974 65.933490 44.157314 51.995099 81.638074 91.145033 74.584717 45.291084 7.258611 95.472556 7.206842 25.395516 22.454496 92.713791 40.663236 27.012587 0.521177 59.416479 12.785134 79.738611 66.811150 95.028865 50.187427 0.088191 82.229811 36.466205 87.486261 81.564879 60.879701 5.131328 42.229170 45.635918 2.864271 39.807916 51.654142 51.172853 62.127942 84.355110 56.291777 95.855594 44.930881 53.327978 83.363950 97.889853 34.713784 34.575784 15.209341 23.387307 70.459908 19.644022 57.088661 89.134610 85.394520 25.729388 33.829772 76.977599 62.507665 66.279483 59.256113 17.499390 12.261368 76.805949 77.616388 98.577791 96.912754 12.665863 75.174564 58.902937 81.657714 21.222940 93.953431 75.315189 22.437495 6.987135 32.786149 36.788824 9.774889 86.559588 7.018831 65.480930 37.954780 5.985304 95.003837 29.542777 25.435081 87.417263 21.960701 
93.500346 60.281384 49.187559 95.307332 30.375028 13.088496 78.355217 16.116743 74.100107 0.491122 54.283041 35.093904 23.230837 40.671483 65.608191 76.903844 22.946167 56.241339 48.192495 71.249998 98.728490 29.685506 24.279870 71.785450 98.056054 28.135937 80.686110 91.470611 46.534005 97.012901 95.848662 28.504246 70.884007 47.469911 26.797330 82.736593 53.928131 70.089608 96.086228 21.267399 41.185427 3.483507 47.300452 78.712684 24.098760 27.854523 50.961506 10.040253 46.521768 91.352355 59.005618 7.408138 8.582333 43.281919 39.194921 49.016172 14.784737 87.066674 29.635987 92.025328 69.701862 79.214901 64.837223 19.213149 15.388317 31.454679 58.794069 51.911283 72.888482 36.664149 14.347479 38.084811 91.417527 54.349822 57.470387 4.813333 97.685343 97.567284 13.314231 72.273803 5.834812 65.692693 97.092468 33.058202 9.217495 18.431588 79.685289 70.597953 39.833018 73.532230 56.181371 40.339270 82.121402 14.394306 25.106850 70.854539 52.231354 52.331650 38.037673 99.150252 
18.287195 52.901924 22.633657 3.858491 49.655697 63.292527 57.552868 91.023767 36.490154 90.037125 54.005575 71.747869 66.396838 31.638911 55.176538 52.108186 82.292980 98.147631 67.214149 68.184048 69.335699 25.062132 19.274993 54.821724 88.712215 86.163837 55.637258 95.393491 78.430998 89.802772 15.202111 1.880576 6.837647 20.335348 76.195508 17.943615 78.339022 43.949273 55.440974 96.488065 74.890310 81.475830 64.254844 31.211391 69.873798 68.883395 23.204799 3.045175 80.262369 69.663197 29.384416 63.903689 29.266506 82.149595 88.241833 80.489981 95.086837 24.468657 44.720769 21.973906 15.438958 82.569987 53.793299 4.018394 37.140113 13.902551 60.172904 25.984752 25.717539 34.695631 29.496086 40.689731 72.322822 29.667398 19.962458 9.046406 42.949954 59.866279 72.533470 70.053101 82.494968 92.908078 6.122676 3.815642 29.503721 69.024968 2.665236 94.619685 73.095715 19.652043 91.895527 88.074040 60.387737 36.656731 89.664024 83.274347 91.908574 7.368124 36.057729 22.224103 
20.495507 67.989910 6.413566 92.809993 57.537907 39.586005 21.970479 57.850969 1.217273 58.711529 64.617676 29.253787 68.417710 96.477872 3.625091 26.904112 77.428722 44.509497 71.140784 63.113058 41.163716 38.559476 69.083810 91.552037 15.072499 23.492086 31.500992 37.197712 81.935990 98.189205 66.000134 64.289981 21.693735 6.606063 28.111300 66.628134 19.020002 69.160616 82.458425 78.769755 83.271968 51.940870 70.191634 10.798342 87.730396 84.767491 87.217170 58.967483 66.473889 26.652580 49.905014 53.561157 2.322091 27.387747 5.857484 46.739829 56.306463 42.743105 83.380532 76.579815 76.965553 60.054362 33.622015 85.221040 10.021782 36.087266 18.678097 22.779687 58.195370 89.556932 83.364379 5.083849 44.248646 86.987948 6.410605 43.031937 37.743980 63.055247 69.536406 98.390853 55.104470 40.839016 81.358975 0.323746 41.191658 8.214415 59.673828 38.013235 88.434130 12.472124 19.001111 51.685512 78.389955 99.995977 32.400519 55.508691 34.590071 55.350524 76.263577 61.924011 
56.831908 73.894519 45.224226 83.580601 39.155889 93.027902 19.919489 86.852533 30.473468 67.550087 14.309971 7.686420 85.658169 56.857657 6.644218 69.374257 73.144990 47.820437 18.099922 5.376477 62.452573 40.355039 47.155136 36.359546 94.858730 90.652019 88.512528 30.009302 66.330081 9.695224 47.633728 80.068642 13.686188 23.765475 26.329514 20.157854 93.054342 64.310908 73.462421 82.954621 18.285872 30.647641 94.933069 40.124831 78.005570 39.652950 47.106543 19.657563 84.667742 10.707131 54.755968 83.590525 5.942862 81.677240 49.380255 33.948937 79.793233 84.874004 77.421659 25.781128 3.433313 3.693762 81.067395 99.737757 92.539454 10.610677 33.658192 93.226624 59.861702 95.631570 79.746807 4.599078 96.711802 35.247865 10.850783 69.104797 44.317022 36.181486 2.224173 81.682301 34.380105 26.404625 82.515997 46.361786 2.557019 75.816083 40.896633 49.724254 15.542266 18.872705 93.552446 36.002797 98.992711 70.547432 90.641433 10.521322 31.862456 12.290062 59.069955 88.736880 
0.773577 1.501930 42.942098 27.819777 66.971922 97.057027 37.469155 44.078463 26.730949 67.050874 24.000718 80.065691 64.124924 47.568280 80.066180 72.332436 91.246706 83.367568 58.725786 4.248579 5.866271 94.414806 29.677159 84.007072 6.854781 8.305822 95.956457 40.213248 64.078134 61.173129 36.805999 98.437214 34.261009 24.798946 95.891702 51.802427 43.342400 55.697066 0.554445 18.560475 45.906118 44.135383 83.376241 4.431648 82.711774 36.831173 21.515867 17.166233 12.866698 50.588232 36.399174 60.932839 98.264849 37.305385 91.596830 67.944175 37.790537 45.559126 12.208325 85.319883 71.244574 7.537198 77.685618 62.186718 72.178304 0.759177 59.488678 26.226902 95.562601 20.672478 42.327979 6.342168 92.820185 28.864172 20.152467 2.518119 22.023891 55.534738 72.363514 13.606764 88.884282 78.108239 65.193623 9.253214 18.763416 56.723934 59.123844 94.447380 77.075338 5.215612 58.784002 82.752919 28.289330 58.790755 96.261102 60.292107 29.460150 36.719424 43.366468 60.227221 
38.901767 22.014624 99.789989 70.379466 67.695081 51.259005 10.083738 77.385694 21.390545 10.897736 58.247781 70.494622 3.105329 91.271186 94.827974 73.784506 96.215534 94.441962 86.047620 2.355497 88.842088 68.933529 65.827715 66.390496 25.034371 52.656686 0.893504 17.116027 69.053394 80.345339 64.057672 17.254290 92.858952 80.400807 96.323818 14.425001 40.991372 42.005342 83.770221 26.157543 29.812381 56.668091 20.618513 35.351959 60.380065 7.725906 49.295935 16.757035 35.500279 53.175718 24.318077 13.921046 71.036291 6.929798 69.115126 17.935632 44.166097 99.570686 84.478861 36.221409 73.202288 10.873176 45.467851 78.164816 16.081055 74.283254 78.638935 84.587353 59.658223 75.771952 99.151707 42.699206 45.570701 6.754647 25.349987 57.222635 40.786526 99.119765 5.848625 97.839242 84.118146 73.685682 35.295621 13.504431 68.966067 12.708572 92.951238 31.451795 10.330059 17.311983 62.491316 91.587228 6.506528 55.219394 72.336078 52.477086 82.406884 12.524509 99.420696 63.624889 
43.504965 87.936574 50.005960 50.215483 71.646506 62.809908 46.141759 4.559977 39.537054 99.253935 60.869789 38.582277 52.328587 86.576945 98.731875 86.612165 90.689486 18.217500 81.520629 17.190701 24.119706 79.895568 4.825089 95.280033 71.565866 7.565285 49.749514 40.107930 93.957675 46.631417 34.224391 9.364574 90.383273 71.686298 31.568468 71.215922 25.978351 18.119833 40.030462 91.966015 72.811037 35.066155 56.877840 45.874280 9.032429 8.032871 8.463594 47.621933 81.828272 87.820077 92.075336 10.217921 32.587650 0.656488 33.591121 65.957093 40.854058 34.170270 99.725240 82.111865 54.100871 73.360336 67.129600 47.149402 39.988762 91.150647 68.956637 54.248071 47.354704 90.493315 21.109006 79.056096 95.845735 79.242730 32.584095 40.890419 45.271966 85.914153 59.121627 57.161772 17.898846 25.900143 3.690507 26.357162 84.829748 33.534649 16.863467 24.285062 59.034598 94.472057 91.828299 58.221805 33.910003 25.439107 55.098921 47.598785 92.766154 20.757243 66.979975 32.454783 
67.511588 67.273504 65.743250 46.811551 61.716032 61.335129 59.499687 11.248533 54.104537 34.973425 98.366755 50.048381 63.152331 1.227176 25.151008 12.989222 9.838249 51.448262 90.932298 99.161136 1.234838 53.930002 1.524223 17.612307 10.043996 9.440298 63.092571 96.872342 33.413711 84.234059 21.868566 44.978052 46.134490 82.380182 63.665015 17.887551 36.065295 49.408865 14.783064 58.959836 37.977427 86.631727 19.483086 52.235180 16.711363 67.882937 8.530629 74.272400 96.196878 80.900389 92.871469 90.816653 55.526942 41.314876 79.113203 55.566788 10.974248 44.186777 47.157744 80.187213 6.472331 80.456311 29.251295 26.538810 37.773520 59.546024 90.048188 39.941329 93.903458 35.399419 58.013093 26.096085 96.873295 49.467158 94.545102 19.505452 28.128654 58.291870 11.463175 61.581790 5.194791 8.852947 91.477019 54.244411 85.822225 14.095373 0.944844 79.988891 73.271751 78.327984 58.402497 70.713454 81.069994 43.427685 89.087987 1.761299 2.154641 13.052753 77.623463 17.497122 
74.142253 8.855021 26.334101 97.245246 0.806215 50.052935 39.666831 80.412960 0.583448 6.003971 8.734809 5.933398 22.622721 20.065600 42.546499 79.027164 9.584802 91.773832 42.750263 3.678870 30.767587 10.812481 25.367141 45.551553 84.978169 28.113154 97.763777 15.802571 93.813902 30.278257 86.670351 68.602937 9.537555 97.694749 55.689681 76.478320 71.082371 81.370169 88.403922 4.701201 13.075277 56.184161 87.155831 28.016296 69.871145 24.331005 31.192014 44.188046 68.521380 38.887507 82.320327 57.721424 23.979260 19.429730 55.462402 56.563663 65.447205 71.139377 39.524382 86.270249 44.118378 97.586191 31.098476 72.084904 31.018817 33.244354 37.830520 17.547625 22.927652 45.054725 34.736797 21.352606 73.238039 11.728588 22.384523 16.686761 54.389238 19.954546 76.042742 50.316912 76.339298 34.596524 63.790351 24.394752 2.586748 75.464803 36.905932 78.022236 19.669484 85.013402 20.238250 44.277775 76.587605 7.899928 74.096215 35.101807 56.063104 52.626961 1.378616 70.402902 
61.606419 19.135374 8.236733 34.770575 89.046907 11.392571 74.939859 14.218736 74.296415 99.824655 52.940738 75.031972 62.340319 53.708553 79.639536 1.696307 9.836893 28.653178 73.970556 23.099712 36.860597 16.074315 60.998124 95.463121 48.669645 90.728658 76.563853 8.721443 81.288427 14.566974 27.139443 32.619822 41.351381 92.684114 41.927856 81.463164 51.364297 79.759657 20.581043 5.589852 48.642883 40.946436 86.725491 95.294362 12.341772 28.156173 20.805249 73.821515 18.186489 60.311043 47.728845 78.719610 40.519917 18.222046 57.931817 60.077679 25.561893 18.728577 71.194118 59.503913 82.267356 67.455488 24.348620 27.258867 39.790830 64.496827 98.188090 47.251287 52.364707 93.583882 64.350027 30.917355 28.001365 18.937398 80.844885 59.988606 28.468239 65.695131 38.079944 9.608488 89.850360 15.037483 34.984338 81.752676 17.192595 55.940938 99.388379 20.504603 20.851424 49.876463 73.720974 28.454581 36.160243 45.214164 14.477023 15.321259 4.391764 12.384032 38.430488 1.230394 
79.232001 52.259070 18.175149 69.724864 65.819544 29.034582 84.237343 77.010036 7.618194 38.992548 47.749659 28.512925 16.730744 93.613297 58.658034 65.540028 31.227478 40.214589 86.622775 68.925655 33.497116 86.007231 23.565100 58.631080 12.613167 89.505833 24.569052 32.053110 16.638863 49.361855 24.682130 32.556969 84.962147 58.808571 95.627552 12.226372 88.639432 62.915629 22.964720 68.063456 42.516589 76.299554 66.609645 8.342099 5.661147 46.906975 65.537882 95.185483 82.392633 72.992998 93.338120 33.815384 35.162354 73.698509 50.836962 16.805008 41.781449 20.801796 15.776464 55.026948 37.878454 23.160423 57.226622 7.818595 7.121430 89.872694 90.354151 82.229859 37.220666 67.729038 21.917936 74.752420 63.893014 49.894729 80.736923 45.422977 23.981439 56.049311 20.773122 33.866212 89.414471 89.043230 49.557209 8.029519 52.128607 25.469100 59.158581 78.305483 80.223721 20.098811 0.735678 64.537996 90.132266 53.022820 54.550081 23.182487 28.067389 28.603077 31.905657 38.398689 
66.748071 34.835234 75.793064 54.040766 63.163894 95.587230 34.581757 15.560612 27.214435 93.022156 23.365572 5.160208 27.613547 0.872547 64.902020 8.204690 96.227932 2.845653 26.885411 63.117033 8.014996 8.038235 98.624933 89.248902 6.261026 29.069865 77.203774 63.836259 95.975363 57.967752 64.045638 15.056910 61.487156 14.659767 86.705524 59.739560 42.828912 25.527593 42.264044 31.794190 64.968592 27.095309 90.879589 13.249008 76.075745 4.999876 32.921043 3.959646 49.780238 56.472206 28.374889 96.776539 23.303372 59.770936 70.099235 57.852584 28.425646 49.832004 26.520285 26.437420 33.718574 8.089143 54.233360 0.092306 51.383615 4.362237 16.113175 14.130552 92.189473 28.501722 28.458041 94.274163 65.906245 86.236447 76.010841 14.236444 71.926194 63.523728 43.299028 26.763901 20.888588 74.501342 44.054019 15.900564 40.784094 58.262199 12.825623 60.254723 1.104440 62.322772 58.863395 17.085484 55.711657 45.821902 28.687978 58.856261 97.159678 62.722605 78.788310 95.121473 
6.647222 19.859818 83.954966 31.072322 32.505921 26.994851 2.475817 11.060855 99.784237 73.684675 18.322574 47.503284 87.703824 38.167468 80.643463 74.664408 84.670877 63.400513 72.375983 23.103799 5.551076 96.933287 57.789963 75.940984 40.158963 51.715225 77.751446 68.568450 29.983172 27.176067 48.173156 46.234187 58.001143 25.183794 64.006317 54.120028 95.278466 45.200396 83.064586 66.540104 39.543504 7.688280 16.924515 50.321287 49.906388 76.651293 78.258449 89.769816 61.341697 69.920367 51.593888 38.474324 37.954706 4.765956 1.416448 6.233578 67.744529 82.281673 8.119471 63.949138 93.158495 14.807530 70.154148 80.751354 88.017726 13.954292 29.781923 44.777367 73.201001 89.209002 35.716492 87.072450 26.650876 21.293373 77.715260 60.385209 94.235462 15.390953 75.746453 70.598507 49.111179 11.580073 26.290834 70.070666 77.681351 90.509701 96.499372 64.976388 58.120471 30.759788 79.750538 67.259341 27.705011 38.138953 1.402001 63.437688 97.250521 89.492285 96.806836 32.496348 
66.112876 59.087628 85.815686 4.212367 97.245532 5.704739 79.554534 73.037994 49.530530 59.597343 52.558696 53.960097 7.359686 94.243133 44.349170 76.496804 81.734443 10.794934 30.457810 4.387638 43.029878 3.167080 29.107231 5.222949 82.108015 89.449584 79.153818 38.244542 76.004618 9.670673 35.000148 47.495478 56.481439 83.535010 72.887814 25.497484 36.231357 40.411103 89.409298 2.055483 46.503335 81.554919 93.507314 77.455437 93.490303 91.509640 2.555146 44.336861 69.605166 53.997320 32.981643 22.490385 95.913202 13.147458 69.328529 4.543873 68.875378 88.465244 35.330725 3.474929 3.126992 55.348408 40.655944 4.449295 79.297519 53.389311 14.124173 84.970564 0.265498 62.225562 25.061855 14.583868 11.071511 78.882086 71.274763 14.955153 51.257205 79.888040 78.291482 44.936451 46.958748 35.692400 82.161933 95.567054 95.420563 33.434978 41.653389 68.500161 82.195246 55.549252 16.238660 23.161757 79.647601 37.274069 65.248454 30.770627 61.935890 56.506848 10.637197 79.369920 
70.261377 82.960707 20.644608 73.917431 30.260465 87.605214 80.873513 41.163176 29.528627 87.630069 98.570758 78.685272 63.376838 74.495888 52.415061 39.939195 58.066511 23.867510 41.242763 67.142004 55.693185 35.352963 77.247453 97.966909 29.886329 99.521357 55.450350 54.014093 14.874943 3.158842 90.650147 57.059127 92.792535 64.100713 40.680036 9.383292 4.994709 46.078083 34.354854 2.004098 82.878357 36.555117 81.853205 6.832933 41.099620 61.320794 18.540648 12.673403 1.884265 68.846756 7.384585 12.723795 48.803857 46.437764 79.478472 94.639707 9.526283 8.243396 46.759659 89.565009 19.068924 91.407579 87.172312 5.085419 70.646989 63.947356 63.162369 69.926912 61.635768 12.390731 51.026899 9.080852 21.881357 59.977025 33.866349 91.746730 87.304097 19.943224 85.768831 16.765355 75.306624 78.454214 79.991108 10.552661 58.581805 84.354770 50.616872 17.805409 55.511761 86.117321 73.840100 30.583844 22.662568 89.769584 57.385468 77.568460 93.103516 90.832639 24.116196 20.897266 
20.362951 40.119201 83.411378 95.022780 47.819299 98.973060 40.176034 38.605657 45.297632 17.303623 22.004077 22.521162 13.170466 56.026304 34.040913 25.602904 8.023527 51.424366 89.287722 58.796304 89.462984 4.349769 6.560573 63.545460 8.566638 79.489446 79.122883 18.268394 36.898178 47.669357 78.885287 25.009051 27.100986 86.278331 79.963797 51.590109 74.917942 45.884755 85.065472 95.425123 10.052001 43.984196 42.362320 83.526725 33.696619 39.089137 71.136647 93.679857 77.368647 34.822556 62.708420 40.451887 74.859154 57.770419 47.392353 23.274051 66.971070 82.808340 59.772062 89.028877 8.300769 11.018439 86.906087 30.637413 23.021391 20.531812 78.179830 68.450159 41.799718 27.858436 16.741358 71.995819 33.694285 99.846154 14.359343 37.473306 13.877155 33.340725 57.556337 49.337265 11.395831 29.732272 10.273527 67.157102 9.398249 56.369865 8.295454 21.698435 85.591346 33.776799 86.660790 7.881399 62.674028 62.358689 62.445515 21.767545 47.127855 77.836049 90.464783 41.640580 
53.233528 95.871037 4.480679 6.765066 0.466564 41.539893 60.991704 87.551576 79.339170 53.425169 16.814868 7.498556 28.235495 53.989685 4.650319 57.916868 8.763571 89.339268 25.106508 65.077895 64.189923 40.043336 8.375299 63.652319 4.511767 29.270697 52.586138 15.181343 52.829200 0.409135 76.328641 55.501801 18.815374 30.004302 82.292879 96.387482 84.365594 32.547089 18.921028 5.710439 75.353986 74.487537 12.037389 12.402166 43.204960 45.776266 61.688924 5.696432 39.934453 78.358853 77.264166 78.838867 44.873431 87.763762 45.519805 51.353616 0.257966 35.641086 19.722648 78.542155 57.972765 48.307461 3.499174 10.628039 25.440109 71.890396 61.923248 43.984923 54.615283 19.087844 9.389048 1.735677 71.523541 96.181971 30.419791 65.423286 69.161397 95.649773 85.711670 56.042528 6.738226 49.370292 66.506898 81.431025 11.247772 41.309208 83.843589 59.225500 2.947700 41.995886 24.853449 11.907959 37.063614 28.144348 22.032689 3.385812 5.334444 55.990481 31.986499 97.097087 
10.766223 47.915968 23.675662 16.845153 16.498220 85.594070 79.526621 3.955159 74.352825 47.885197 6.521703 10.265114 25.776088 18.716779 72.906005 31.257296 41.384754 53.578085 86.898267 99.209976 22.098882 15.916725 12.379456 61.509019 82.079631 12.322808 9.437460 15.382244 29.362041 87.809080 7.164843 19.512577 47.882277 57.449585 55.179679 4.845393 36.524606 69.050711 35.263100 66.936630 3.916850 30.504033 81.283140 25.722814 23.322220 76.562798 90.918803 72.281736 39.140576 35.684356 46.984881 74.890244 80.295610 28.356394 85.928804 5.433901 27.583992 4.159500 8.717050 7.463067 31.765199 77.695709 31.790403 1.277597 72.575402 74.767566 18.475415 16.297682 15.141538 83.834291 2.893772 35.629541 25.685039 88.468277 86.340648 27.316710 11.935462 99.313241 57.679224 14.738025 1.992619 89.954442 64.308494 32.858437 51.755953 62.313789 7.898211 45.228654 57.970238 5.832190 21.615364 89.423424 39.444134 37.539515 26.627207 23.443805 20.023897 41.634086 44.104198 59.260726 
94.989055 81.055552 0.661536 18.437572 80.272132 33.712506 6.115465 82.622749 40.546766 69.489717 13.642375 87.394911 46.303585 24.361038 35.981876 47.370380 53.955513 30.286384 23.259279 18.696725 35.862631 43.257132 22.623894 39.781791 12.542391 99.954838 40.997145 38.998318 44.732460 18.476038 26.762322 94.318062 3.710596 63.985169 98.702687 96.013081 91.824615 96.353573 14.540954 89.806622 79.941052 69.310319 98.502314 28.361607 73.506659 26.437002 26.699886 45.000738 27.380416 82.653999 65.725100 41.763937 26.501355 8.252464 99.172723 95.912641 3.794947 81.671697 56.183851 81.967729 31.616536 79.103065 85.158551 59.790331 96.143430 82.645297 19.466694 76.732898 49.800706 0.452092 98.316687 8.534463 38.711593 25.729331 32.881215 34.597677 83.142614 77.883494 87.866938 79.646009 10.453883 98.402268 46.891996 13.798802 16.460963 59.401572 62.174618 68.763143 2.107548 21.559508 50.648081 42.295024 52.460623 5.707948 33.486044 99.936086 25.805774 17.656428 51.591700 1.713084 
91.810018 51.007074 75.881791 45.242730 94.550425 9.014855 12.657869 40.801284 47.156972 67.199349 19.512907 53.424132 99.357367 99.308324 75.003809 89.005417 14.050548 47.555843 71.042645 13.701823 86.543649 39.104211 24.455875 29.883802 57.074261 47.102576 52.988636 80.019444 86.770010 43.607181 5.878629 2.114126 32.114017 40.289614 47.515818 98.359162 22.426909 29.056194 47.480270 0.909785 90.755635 29.970470 13.709499 15.540215 84.389722 38.057891 38.953206 86.511457 98.099393 56.466466 31.942281 53.919935 32.325944 2.170440 78.583461 52.238244 68.186957 18.223113 75.855768 7.920085 12.870784 19.260707 14.721237 19.832441 23.847410 3.430058 48.977268 60.929149 36.248699 31.872138 75.023758 24.298815 90.201283 12.966661 30.669442 61.303419 26.524723 1.029763 7.223589 6.854452 2.775710 51.355356 29.492587 81.894916 7.843176 20.244940 56.711400 48.452070 33.958581 41.891429 69.234473 23.733896 95.583498 71.901149 42.569152 59.749508 9.980594 43.837860 82.932824 51.986748 
41.241622 47.917312 46.270388 66.439521 49.063396 8.524933 78.541034 39.126089 92.159832 30.322796 35.245353 68.655694 96.273804 73.782939 69.860232 40.940389 85.125130 98.036247 95.170099 23.873569 43.082613 89.456439 94.387716 74.329603 57.647556 82.483089 93.250358 58.763134 32.001656 51.853234 97.308069 56.758738 44.119900 23.190157 56.972384 34.896466 4.925404 81.261545 62.808591 24.009570 28.848886 63.246417 82.545871 48.399115 43.899259 14.858395 25.044113 16.425809 68.571734 85.164553 60.658932 94.618356 50.719339 39.961964 40.718836 61.481857 25.579250 10.447100 84.401804 41.162348 15.554644 26.909339 65.267974 58.874720 7.474437 22.868700 54.252809 26.987228 74.333888 29.701808 98.283404 49.209678 67.067701 6.849616 21.498083 18.271711 92.661059 54.409879 66.805929 7.199004 93.667549 70.480919 72.854328 62.697792 61.809528 32.768333 37.367588 37.076107 38.143051 70.271701 56.512010 97.404242 73.058170 88.665891 7.648279 44.622177 64.936656 90.398127 21.288776 0.476822 
13.954026 25.310719 97.239000 95.880431 62.388635 65.793759 95.689303 50.061631 85.880625 95.678604 70.333761 99.498594 72.817588 45.244217 19.551763 6.479078 93.859619 98.647714 72.096884 32.320076 3.539404 86.762166 11.725815 75.764406 72.390348 64.605987 32.848704 88.162923 54.235792 40.969431 73.251081 30.960062 45.752212 57.411557 16.019666 42.532212 38.874242 59.401852 66.901743 17.587179 87.722152 46.239188 42.059478 93.643564 67.408818 39.996937 28.515169 54.445237 61.060578 45.145157 54.660755 83.267844 82.637584 89.923847 50.109774 94.947201 77.603483 81.726313 74.186444 51.519549 89.049256 50.842166 4.314774 18.405792 46.151388 66.361552 38.615346 8.124462 47.832164 15.171812 92.650819 82.268101 80.001938 92.576790 38.150880 1.817317 43.655124 11.659694 64.475542 40.392315 73.652083 70.531511 23.097780 4.387427 39.483750 3.395272 64.335746 90.848172 85.272747 79.042256 63.238215 44.641328 86.803138 0.319522 70.208836 99.937296 46.083114 18.911728 49.420977 18.339884 
38.445431 52.362931 63.777941 15.837663 83.608305 4.838948 28.190437 96.679676 95.272213 40.080518 33.263144 53.655040 80.296576 44.538978 66.613346 70.558602 78.461772 6.976297 50.626624 81.616014 20.340267 58.874059 96.291339 68.523222 69.807929 61.813724 3.228353 58.920461 76.231295 19.415745 20.433401 24.170606 35.379556 24.217664 26.277998 54.321146 75.475609 18.592748 88.312638 70.542645 10.230964 51.824605 16.100627 3.239641 48.642612 36.368790 50.273204 41.741410 47.879609 12.599011 51.577169 57.425493 50.213593 39.843270 45.854011 68.354487 33.883893 86.591107 36.704370 90.367341 3.918811 63.453829 68.524998 99.689788 86.242634 79.909027 30.989161 34.820461 27.485064 41.482571 97.546083 56.986684 75.163656 75.560063 37.971336 84.263605 18.367952 10.181404 18.850818 25.694311 44.269377 35.396776 13.586710 51.841688 3.261855 21.993296 41.321930 97.684258 79.364711 82.726568 85.415441 77.357984 55.651921 41.816902 16.689812 5.659002 10.850892 70.947909 21.466130 81.234860 
14.330241 48.366708 99.268484 5.411743 55.156821 20.665361 22.734013 90.555334 63.452256 42.063263 57.274294 9.087758 37.947980 91.682744 11.915567 64.933181 31.988367 28.468308 66.836214 16.289455 76.864463 61.039597 92.500699 59.233701 40.857717 95.668316 97.356910 77.612609 35.107499 51.758468 4.623926 14.334692 23.160972 66.448432 98.794365 36.872572 17.323139 49.989995 81.839108 69.891953 74.024922 36.872932 23.391706 44.390920 78.205937 7.204245 81.740814 17.826012 1.787118 36.092380 4.639024 68.075758 49.251696 73.280913 32.316494 43.306884 58.790839 97.605669 58.484113 42.454502 32.812089 72.777855 77.415431 21.166834 50.972980 2.912514 50.618988 53.351998 86.991727 69.930202 16.874285 6.099446 13.390951 61.711967 93.043011 73.914129 74.767590 18.918388 61.336493 82.402772 43.431756 57.519412 28.719488 88.410318 12.211252 34.517220 30.934620 18.153048 98.279899 90.317816 71.519482 27.921164 70.985383 51.363635 68.575776 53.081787 45.584434 37.604365 16.564173 94.048226 
68.537790 14.661367 13.592233 44.656950 49.352780 72.190803 10.831450 44.182903 82.043135 98.943639 45.752200 57.223725 59.112751 8.004478 31.271076 72.988153 11.881271 88.516390 94.968951 43.125451 9.429975 89.593709 1.415888 96.828628 98.784518 71.365994 48.255938 37.559938 69.904286 81.292224 78.423887 70.260459 67.564678 59.507769 47.127607 73.720944 27.895778 44.362170 94.994164 66.857606 75.740504 70.705861 53.398436 67.489707 99.467015 42.159232 70.210737 31.846184 38.799155 97.370851 11.873841 63.643539 56.944007 57.967699 63.115084 75.213897 20.014349 81.159079 40.680996 25.492308 49.224043 8.512758 73.921388 96.808863 66.571575 68.488669 89.099938 2.625066 19.487335 23.646888 33.259276 88.645303 61.659366 8.930165 89.292526 39.501041 93.980539 30.871710 60.855955 6.020932 93.800133 98.867387 64.196754 54.875743 96.571827 82.742226 48.572415 56.561625 31.247535 77.312750 95.387453 76.923770 57.844335 89.733773 55.534542 69.045132 41.584590 12.227670 10.452305 71.884960 
70.558208 71.846139 18.083979 37.447768 84.659499 72.194481 72.673857 29.477254 24.178053 60.556072 65.908784 28.922251 96.261156 61.224228 95.610714 29.313299 68.597180 12.805197 16.940859 25.028417 52.577770 74.581403 89.618987 26.356432 72.573650 45.358416 38.928908 78.178471 45.540810 4.386265 19.959307 56.075191 55.738461 96.364063 90.845573 41.560125 1.034142 80.832160 46.059495 21.952018 47.576123 11.913895 36.834168 71.867597 78.680032 75.267571 22.076973 47.697788 56.753999 64.507723 81.347829 12.953421 8.159503 36.756277 62.730461 10.859074 8.450171 22.019796 86.701041 84.363019 89.237529 15.109001 36.978477 97.253948 47.149146 35.692087 76.904958 41.634756 55.325645 58.141363 81.900018 93.614703 82.326537 62.118930 32.842860 89.943552 81.302154 45.296949 5.825470 8.683986 51.755631 56.886989 99.595910 8.498243 29.968765 85.029769 95.315564 68.686539 14.649457 13.411708 10.573160 3.103273 56.711507 50.263095 71.802759 88.962984 0.874997 6.072633 62.739217 58.025336 
31.864637 48.937818 97.916716 86.218590 75.881320 37.367836 41.227996 18.939662 18.895127 70.406997 30.423686 30.906516 45.834795 45.380577 11.365474 19.517954 38.250235 71.674156 27.592936 54.458660 86.708111 3.191565 40.628684 46.276420 67.796481 55.496305 26.371083 18.804534 47.787642 66.894215 91.034007 8.534100 32.618764 23.561263 94.137889 75.469971 23.848286 18.156937 63.633215 83.463925 78.201938 39.982778 90.524673 48.153147 9.939014 45.013523 42.291734 97.162628 12.312044 28.521544 61.563969 5.613115 39.629510 53.151375 15.169580 55.124938 84.881514 3.603078 56.924248 25.800934 36.310712 74.129295 91.115254 74.068832 74.894857 57.890934 72.910720 10.456240 38.031870 1.636039 96.908271 37.268969 79.584932 83.910507 83.881807 1.487882 6.840102 61.595964 43.414602 69.202226 81.834525 92.824912 8.271298 15.704747 49.677643 32.127398 65.202248 54.163921 32.987338 18.188098 87.371498 52.785128 59.681636 69.216055 14.222123 31.214467 21.542703 68.206936 53.981400 65.351123 
56.287044 16.315418 13.236204 60.877979 76.208198 31.179306 30.607215 15.436736 45.205337 66.085148 93.089169 49.680287 76.557696 5.225535 25.578019 89.786267 37.794888 18.672283 25.071380 74.679297 34.911987 65.792376 72.508377 48.286933 58.476818 19.852862 67.053270 64.284605 31.368825 15.839325 11.527316 39.590591 99.056304 39.295283 35.838234 33.185905 55.522567 67.759526 34.365118 74.506670 33.574378 84.582680 81.140959 36.066180 64.317316 81.115699 11.538086 20.613728 54.942274 14.837123 67.524612 86.110526 59.606415 5.028106 7.379809 32.444030 86.788201 49.284816 29.885250 81.425226 13.776605 43.388113 24.039909 38.752496 13.219522 80.497521 21.794190 94.951135 43.766043 75.879723 10.459214 88.004804 96.720892 88.011551 10.091328 4.949254 82.107049 73.165256 88.478029 50.250649 62.675130 80.879790 46.621156 61.762518 42.665049 71.503383 57.379228 72.724849 86.585993 50.815445 55.218923 64.431447 99.311066 21.031469 75.891268 4.510909 14.846697 28.442588 34.572539 60.636067 
10.390584 34.548241 52.274120 71.142185 86.728346 43.285659 2.058665 99.991876 63.414204 2.521325 75.917053 37.897673 46.172681 24.280202 77.357823 52.961212 19.125339 39.580041 21.743646 45.474669 92.779648 47.527075 87.545204 72.225916 0.949084 51.254243 30.063024 69.270825 34.773761 42.623883 79.628861 22.294010 95.426846 38.973567 28.726500 6.269960 79.224235 21.745753 80.866295 19.811410 70.354575 49.306774 98.950219 56.285578 91.713226 24.199176 15.547660 9.518497 77.368504 32.404992 30.685666 33.967862 97.833401 85.970777 10.899696 91.192102 65.660030 48.148578 33.136505 25.237137 60.583436 25.823024 7.581147 16.338348 98.631668 2.487071 0.210112 31.355640 94.232547 66.440928 72.650510 37.110838 21.861063 18.893678 46.059945 29.518554 18.309700 31.139395 59.781712 51.232725 68.421370 58.002526 48.485243 91.462952 17.845798 34.316242 53.096342 90.250045 32.475960 23.465037 76.877379 78.083599 51.056600 8.270945 9.776272 9.803124 61.095834 37.727314 82.981580 71.403694 
81.891316 47.348472 85.757709 29.812959 66.392356 56.320280 74.964786 33.168977 71.018392 6.084946 69.692683 24.910986 78.959972 80.241281 15.252328 45.878583 81.372344 24.962457 44.017175 96.656317 2.680400 49.475229 30.167469 24.682406 37.196440 60.562956 81.643569 83.425754 36.644709 87.645084 50.964123 53.968883 54.972839 28.465301 16.331090 76.635009 4.599275 0.008268 38.964230 71.812493 52.540362 45.877421 61.790764 17.416523 19.501042 54.026240 19.052394 13.591036 24.537702 5.160801 37.589037 58.937317 59.445685 3.662840 61.348736 88.224548 89.953238 44.085157 39.213875 67.603403 10.372902 37.356737 54.691184 94.681942 19.403802 19.702682 42.980310 70.075899 65.634090 12.172851 89.110202 75.158942 96.334511 94.095743 67.147553 48.947504 60.713804 16.903538 97.748834 64.626992 85.810131 10.870391 98.661464 3.269048 42.891136 71.304274 10.898868 77.277601 4.626492 57.446247 99.066961 18.365744 73.046064 85.199857 54.001027 95.258415 8.131977 74.143505 29.842213 58.066785 
28.477243 16.999981 18.676779 0.620887 35.255799 44.208202 7.245862 81.204563 5.104395 89.566058 36.737734 51.118088 41.747701 53.623247 45.962170 86.206406 71.087933 74.911714 41.201586 75.072610 45.317039 43.482432 9.246741 9.973752 28.853628 42.903203 74.153590 99.368417 84.941977 19.800776 91.642559 36.529639 53.660023 63.983160 64.953816 78.763050 70.554250 5.254695 15.659785 94.003344 14.147015 68.878239 36.541063 45.655730 35.848108 99.157369 37.934381 63.145721 90.117776 9.480297 35.351083 45.645359 61.532170 71.155834 16.153663 94.622403 18.715620 53.419131 15.318599 59.693021 60.614610 49.753836 12.731940 85.708970 10.658193 32.258564 69.667417 0.256887 17.497995 88.822174 34.284240 15.236942 87.297690 12.313429 51.798731 81.253463 26.962388 56.851876 9.468887 43.581557 75.222486 64.322424 66.973317 20.535353 37.679806 84.484518 31.261706 15.486385 79.663783 9.209877 90.389055 68.856150 65.284717 40.214697 88.421273 96.309370 71.600157 83.807552 53.476256 75.452101 
23.465973 92.617774 26.883113 24.480598 45.416269 11.244155 80.518669 77.227968 70.445883 83.912998 25.756010 81.269562 97.555977 23.261809 61.241651 88.432759 89.349115 90.606046 15.761086 96.575189 39.193043 17.484511 62.190086 28.784084 74.119478 26.102519 5.036066 41.160634 86.779433 1.923673 31.179860 39.934680 82.172644 75.628328 85.312372 45.082718 5.238551 44.331303 76.195097 11.034496 56.779647 95.570838 59.104514 69.570875 77.720624 50.488633 62.482798 48.344320 22.985259 13.249385 82.431537 26.837626 60.003197 73.731780 10.053741 73.227423 33.307719 2.813108 79.914552 23.871729 12.136365 75.888342 55.383223 25.842965 42.714104 95.964426 74.133384 59.786165 26.083338 82.673395 91.743469 32.481945 24.044839 21.607921 64.321256 47.362000 13.145824 41.863447 98.983943 23.118198 47.557282 95.264471 10.002348 9.455310 15.397500 85.778940 86.669570 55.456984 65.514809 7.435060 61.063087 87.349635 85.337090 60.528314 99.338996 90.528315 9.417965 87.744600 23.475666 55.524433 
99.097091 24.822620 93.777269 14.567614 37.878004 15.618934 7.413966 6.530128 51.854306 15.362723 1.282206 50.037676 83.179492 97.712374 51.843405 32.150549 54.276890 31.687218 67.051214 29.791448 4.875141 36.502814 2.800889 74.545145 80.234402 99.558240 75.371581 70.136464 83.522284 59.053403 10.588501 60.936749 63.911653 63.118553 33.478871 79.385740 36.101228 53.318125 17.744671 34.678501 41.567090 18.079060 54.761398 74.773985 26.404959 88.165069 90.337270 98.478580 29.481304 92.288595 94.464946 72.346252 23.425341 9.698182 97.335088 10.792246 85.284787 81.428254 64.670700 20.470631 49.889612 94.695383 45.287690 50.190294 48.228970 84.318459 40.363556 90.312731 86.118925 0.730724 81.270123 6.989098 65.757859 92.336494 99.436766 33.700371 2.113324 18.637009 32.218429 95.151001 2.831989 97.244084 81.337339 36.651149 95.867336 42.344785 88.803661 23.132060 80.547512 62.063718 4.883561 78.017658 42.778537 78.860009 0.189813 90.191680 51.586926 21.477929 79.559755 60.804462 
40.594324 68.801504 46.868110 12.313885 59.467006 61.978287 69.057077 42.251134 14.808103 79.792321 69.537455 15.972011 41.591755 32.634795 93.015331 8.645868 11.107826 89.240277 61.373800 9.459306 82.555574 11.538998 35.939324 32.239017 41.179046 96.212941 50.914824 25.485083 27.795577 60.268378 30.665937 2.417032 23.052956 51.025033 77.765983 12.883440 31.961858 82.958496 83.476394 87.807763 85.024828 12.263699 15.986320 82.091385 9.941763 91.203189 52.009797 28.653160 73.660630 14.203301 14.889839 53.529090 63.415521 24.679342 85.702842 7.685871 76.426184 94.882762 94.606155 45.678639 20.911737 63.564247 24.270634 16.556460 64.412248 76.614988 68.104529 32.807052 88.136452 9.390443 25.167826 95.661241 78.516626 28.914770 70.532095 32.965267 47.230718 6.673974 69.481599 77.268672 54.590297 99.124867 91.677284 20.146692 5.444530 6.222436 80.481428 51.317215 88.454247 50.512576 64.915484 34.564421 24.213059 48.897904 27.055994 30.094537 98.873407 65.359622 99.171501 75.405991 
48.482454 44.606480 1.108184 25.252262 14.756519 12.799656 23.827414 67.347759 13.817486 30.501854 44.688603 81.333011 63.956702 20.275949 77.870107 62.918305 67.924082 0.041224 92.850471 37.847403 1.281685 41.283879 58.163452 53.159499 51.670849 31.995502 48.426983 12.283981 56.865400 36.761519 50.871032 89.429140 35.588732 39.805517 11.328775 2.719445 5.705334 89.550370 73.101008 8.648036 47.545835 2.874316 8.632876 92.743516 40.259519 41.718704 66.263497 90.587813 9.385339 39.397863 59.887201 24.230157 36.254007 21.100573 37.346378 80.577159 60.355341 92.240399 84.352767 16.972879 63.161737 59.352708 40.930209 14.039914 68.833655 87.266386 86.124712 97.996056 19.747390 94.372803 23.732391 70.286328 2.308531 99.486220 64.928091 46.439105 2.059893 20.619835 57.562411 51.469034 40.069762 52.505320 56.900090 19.775158 61.092073 74.498075 89.191169 36.005682 47.475508 20.837419 14.491364 56.358564 18.344776 20.657527 91.058481 19.884938 6.148453 37.053704 61.611730 8.361463 
31.098017 64.367324 21.605928 30.836135 62.935430 55.774814 7.274015 54.358673 6.239494 67.166811 72.573352 40.329975 25.900027 1.758960 62.831050 1.436228 38.682091 29.909274 85.157877 48.423314 50.659931 41.475338 76.015091 85.597277 33.478484 72.851503 15.201905 98.434627 90.749526 27.311987 32.542425 40.528983 70.609283 30.204755 51.306140 2.280574 29.608229 25.511110 65.226227 57.169497 47.773531 29.725483 96.209675 95.971364 90.750980 51.752174 98.747236 44.829133 43.241253 55.733746 17.053205 13.208088 88.346064 32.327256 24.201669 57.457083 81.220222 68.308324 57.996428 45.965284 38.514730 17.048767 38.643140 75.223309 78.180575 80.934781 70.879364 69.468403 55.431801 42.292938 17.388315 45.417944 39.355692 51.099896 35.984761 95.854735 30.553058 5.257382 60.826546 11.732493 88.021934 84.654582 89.544892 81.015950 35.032743 95.324892 25.422105 69.317484 18.957178 13.305138 19.460031 64.752424 93.974173 23.941594 86.364114 21.624845 48.777691 6.656073 68.625790 93.693328 
3.718201 91.808558 26.473755 44.377297 49.239245 63.981885 43.555740 41.296485 70.042837 9.929003 76.755977 37.692001 89.461821 84.855849 72.237867 1.808938 2.818043 62.854499 95.581573 39.538327 20.661402 56.181699 45.820078 98.034436 64.801437 17.794238 67.750901 89.349538 97.676384 46.998894 10.423259 83.722222 19.406790 69.919014 28.890374 60.504699 2.475552 6.598259 96.937436 27.529958 96.017349 63.624513 37.175781 13.327304 91.981906 39.853799 22.781610 90.515924 1.160627 6.663446 92.533654 13.108987 22.739725 86.562186 50.653189 28.111163 64.307612 18.065816 32.182583 92.694312 13.283862 61.873221 3.212162 86.803085 99.414009 51.286751 76.401514 80.262852 77.742362 15.843117 75.277787 93.797690 57.768774 19.809879 44.647297 87.134057 62.148404 28.197250 11.168499 8.959844 88.096780 42.582998 92.464250 46.649694 41.411734 7.010529 25.961027 26.959330 5.467065 84.967053 41.278154 61.916327 27.748471 68.539560 44.403136 83.494735 96.002352 11.584117 94.246417 99.531335 
23.133440 3.740177 61.145097 65.695351 41.818601 45.209885 42.512774 12.205503 37.893650 78.555983 90.405762 49.616188 99.281448 23.300993 19.793841 75.077403 25.866815 43.551782 74.783301 82.996523 22.537796 92.744809 62.048131 42.920893 71.480489 72.555089 33.374295 21.772601 32.098743 83.601916 97.447854 6.122873 7.130110 35.756999 67.878920 40.996104 21.544732 2.311123 43.047011 91.103119 70.101911 2.829166 49.786547 62.497598 97.098422 33.197379 48.370564 64.089602 53.988260 80.677366 44.518006 14.101155 98.120177 5.781591 71.194255 61.825997 9.529098 55.554581 5.842762 99.298209 4.981415 22.634459 17.349586 94.494897 75.746930 78.650278 75.187618 78.335547 85.546559 81.004518 42.892247 90.010858 12.520088 25.118712 70.171815 77.697110 55.314118 64.407420 95.492321 39.469087 56.960905 41.924030 17.144494 47.513780 64.100796 42.066869 17.879352 98.257804 18.881461 40.709323 1.571915 19.184351 31.382945 53.176320 34.414095 97.667754 1.901922 65.599978 38.851389 75.285995 
31.721014 35.055444 76.842391 90.057170 90.882254 57.993144 90.764338 76.187396 81.590259 87.532657 61.344397 15.247567 65.847695 2.258348 56.058753 79.498154 25.439987 69.832844 80.638742 95.345718 75.495601 54.581130 45.018962 33.706075 97.989476 9.156878 99.657446 42.727113 14.597183 34.860277 96.703815 0.978673 48.557398 4.197219 42.653742 81.456441 38.423529 84.246522 31.297511 17.266092 91.193235 84.720373 95.277822 34.338179 21.768424 61.913431 79.025406 80.039477 23.469810 57.098442 53.565848 81.169629 17.988174 27.236471 63.358903 73.116499 68.961686 39.071044 67.056376 16.535795 17.103805 63.651896 97.403073 53.497726 36.271986 23.266517 40.347460 19.780193 45.703736 42.679471 13.889953 48.446918 47.355893 10.496730 18.541721 30.699098 59.717917 79.024833 70.368433 82.225001 55.601811 99.597830 40.694362 50.121629 94.204211 90.228271 66.547805 68.950170 45.553890 24.245413 92.657602 96.346825 1.109471 46.874171 14.203821 23.623285 36.546880 43.394560 32.361555 0.663071 
44.241893 73.513418 40.020317 21.465430 69.481224 70.880008 80.293834 98.500359 95.574600 22.250792 69.060731 3.702220 23.213045 41.661131 98.643291 97.766721 65.330964 17.552389 2.999236 8.165216 32.788175 70.852315 14.844003 83.163911 35.853013 81.605041 35.917354 62.972915 85.797536 99.219537 82.795376 41.859332 29.778489 87.072766 31.935242 35.607928 62.428808 40.954286 18.674162 56.633562 40.271318 40.055338 10.044400 16.223413 66.893554 80.005085 45.483050 33.598727 93.795353 18.546925 18.184601 28.575116 61.997926 99.138111 14.234966 47.074339 78.431261 94.158930 29.134992 71.802908 91.501075 58.579689 48.878622 2.977000 34.440431 40.328762 5.506857 53.744394 82.043004 96.787477 7.091566 87.957460 1.001406 30.630571 8.015244 12.196386 84.651774 42.356583 87.076116 88.303101 10.219470 58.640850 76.799440 68.148178 66.381252 69.710678 27.405638 6.548157 54.867846 63.906264 72.541630 7.195354 32.310379 40.529436 78.249383 37.393540 73.221666 36.539358 16.985391 73.468804 
90.180576 64.906108 76.924908 76.930499 70.937717 50.233781 79.121858 1.046469 87.995368 38.157868 19.269989 70.703125 7.411472 64.600354 38.154331 59.849066 83.200425 49.563238 9.338739 56.181002 34.122786 1.656279 37.086886 19.307065 93.837863 32.949650 84.792989 15.793063 34.015095 91.719949 37.201774 50.209320 68.084073 89.028305 98.715812 16.689301 97.067994 21.820848 42.985734 61.216319 62.638354 62.831408 7.491489 9.468777 41.747054 42.764944 50.434899 59.382391 39.894903 13.646530 57.226473 5.372072 88.408858 87.648976 16.322912 39.191443 90.579021 61.582005 8.807443 26.695955 78.893745 67.145306 11.179012 85.655785 16.739689 43.942195 36.492684 32.568750 82.961464 33.310804 54.673761 1.913904 66.978723 11.370543 4.710331 66.535509 62.287849 71.873963 85.668063 23.139046 97.952443 86.731207 91.442871 80.376667 90.660405 29.405954 25.886571 75.582367 12.830164 36.548516 70.924598 29.685128 17.944425 91.945946 35.547739 50.854146 5.607426 44.009277 63.917178 56.024599 
5.408140 94.604981 25.952277 79.916722 60.349655 96.613121 76.734561 77.783108 0.659819 89.585662 66.216141 94.692236 92.404127 36.202028 47.506368 39.512041 78.863639 61.194795 0.942700 43.952373 7.526246 93.621933 3.870052 43.968794 83.496547 26.492324 56.499165 81.460625 8.715282 77.736950 24.938273 37.560949 86.859328 44.756457 21.793890 89.906257 54.507804 12.689033 64.584178 66.243565 55.629385 63.051939 13.894835 30.486050 79.066324 67.726105 72.684598 9.988546 77.492684 19.509840 1.876532 38.869542 80.414218 21.774907 70.872927 61.265719 92.895609 96.471459 95.854419 25.253823 41.021031 40.462887 59.728169 51.325482 27.389517 35.635254 21.716157 83.436352 14.765048 56.165439 72.491956 72.321326 4.529100 20.586944 4.751516 58.726215 11.499710 75.626987 62.745821 69.024384 92.852533 72.540915 95.142746 64.116639 8.333257 57.046223 75.847924 76.074719 87.830389 65.321416 57.003814 63.120824 71.706772 75.711924 90.297490 29.887506 19.315811 40.824121 30.994990 32.788604 
78.055704 82.224208 42.302459 77.434438 40.570354 65.952450 62.837678 12.882943 23.631471 74.136800 17.171453 0.607341 7.577325 52.105772 41.696823 98.486751 66.847390 4.084750 52.398515 61.866730 94.146228 15.648857 10.325498 40.643305 92.011112 30.729938 78.084177 60.808253 4.354972 94.007725 87.867498 89.073652 60.873479 0.573383 36.840913 85.212988 74.696815 29.346260 22.612555 49.213612 33.170000 88.162053 39.609873 23.150951 98.024964 5.593523 10.338935 66.484147 99.040884 80.149329 69.751018 5.317916 78.219330 32.271057 79.683340 37.879035 32.955906 89.922261 23.439854 53.626543 1.347038 39.671761 63.271511 4.300298 75.110584 83.546495 65.952605 65.424293 86.121923 51.190454 58.005399 96.743417 66.618425 55.822986 16.894697 49.158952 14.488861 14.284000 71.195722 86.445409 87.949258 63.216609 81.562752 25.196937 84.893847 10.883684 22.089438 57.198739 39.189690 61.135435 3.269235 46.024814 39.034644 55.269873 20.790422 24.628352 28.704453 35.731292 35.798377 63.326961 
36.235392 8.232854 69.573790 26.656562 16.816558 35.880885 50.024199 56.690627 99.353743 38.303342 64.252788 96.639973 28.002232 33.493662 27.977052 10.327355 71.848601 59.479994 80.270594 7.890185 10.337266 38.422698 70.301497 57.266599 79.703003 68.388176 0.056750 53.799623 10.241008 20.615909 91.577512 43.223420 56.037802 27.378058 43.044743 52.979308 23.228309 98.183692 73.263919 46.730715 3.109982 69.462878 62.561756 75.437492 77.953553 65.357500 63.486385 15.707172 90.455371 83.464962 95.612478 58.946282 10.124426 61.236626 3.935361 41.619429 97.744966 99.611777 75.096470 46.337852 0.285552 99.274415 5.138470 62.268454 45.922899 26.175034 23.801333 28.988123 3.380915 23.042518 75.609493 68.705213 28.554952 23.095006 57.759482 63.649553 58.006698 18.579771 70.201123 70.232439 96.627778 23.028055 32.514635 73.467702 71.642256 91.347331 74.598223 72.363013 5.182460 1.609123 44.539431 74.191624 38.598862 31.095251 17.899039 29.142606 99.796134 73.642147 3.579402 59.001112 
31.654364 14.869559 12.686795 26.972994 35.095087 43.132511 28.112951 94.382000 78.324312 96.754181 47.556254 77.947068 56.338525 81.558889 60.250592 31.712720 95.677984 59.834683 41.555798 28.277865 66.092241 12.302774 72.730619 83.506972 1.630033 95.968455 41.800174 35.502452 89.699036 71.714002 97.278136 53.606939 71.796632 85.949963 61.046118 2.140305 72.107804 15.816349 25.366428 33.585820 76.853877 83.136052 67.577082 67.973292 27.113926 3.764527 70.404732 92.328054 57.568949 61.368477 19.998427 13.560647 13.782583 43.876347 29.778332 84.407884 43.318379 51.995718 92.058885 33.709946 63.071215 37.941742 86.835223 39.629149 47.113332 33.766028 5.618867 36.304736 73.679411 29.911995 30.879524 92.181647 96.952194 75.546038 2.216051 45.163807 68.126404 0.527447 64.804804 74.332714 9.886223 57.757604 32.094413 10.798684 93.481213 38.734218 6.007918 75.084418 43.839940 17.862694 18.289007 83.355111 49.321100 39.727685 3.184024 13.890025 49.642786 46.329921 66.989964 0.281879 
100 100
37.532973 16.681588 67.442191 0.897169 78.715813 76.676309 98.715270 7.516013 21.626514 76.822704 59.166104 4.737346 20.576060 21.836744 10.156848 6.151497 88.203722 39.979920 42.505199 84.900218 17.924154 51.264095 95.629865 51.178992 65.364796 86.164725 70.536315 3.880781 24.282862 22.058916 44.191971 34.483588 65.673536 75.096852 52.763301 92.809618 51.243937 56.896782 64.170372 11.414875 49.804947 71.733880 31.337315 86.248481 78.248137 16.450958 91.254371 12.257696 15.097377 41.618213 77.293879 78.217578 2.829040 47.678122 26.217470 37.024623 72.851843 20.876807 76.484805 80.168653 94.522643 42.066273 7.834989 82.660496 75.010955 9.130011 48.099419 6.964617 54.322499 98.198694 25.406843 12.805101 15.335672 46.628067 77.926189 5.439344 19.058596 17.827317 23.722866 10.204988 15.236072 72.665513 89.264715 72.088355 88.966817 65.335321 90.757114 54.854411 38.106900 62.662137 62.484175 71.489239 19.686134 64.868712 48.466673 79.388827 88.004923 98.775315 16.680937 56.488407 
0.608884 33.506870 49.951670 37.689787 52.238828 77.981663 37.764972 15.916497 8.560187 71.068406 46.682397 91.058427 19.025603 63.299316 71.589327 1.827246 10.518795 89.379358 98.868465 82.260019 44.090775 33.655456 47.246704 75.356358 14.363672 10.221758 97.079283 11.492124 48.127604 80.639184 2.720506 23.553368 61.476231 31.038275 60.273886 23.230755 39.298737 93.880153 43.730333 75.713027 8.867897 42.751211 19.624315 25.857148 81.095922 79.145920 5.521058 92.424393 76.814228 16.737925 14.299823 37.120095 77.410936 45.586804 77.399105 46.755543 20.429991 66.863585 76.233435 55.366957 52.417016 72.778642 90.625560 43.799439 37.196314 58.470190 8.439017 34.562600 93.599433 25.685802 1.277696 74.238503 26.547545 84.606379 79.450715 28.179488 12.661384 99.874717 94.381875 76.171279 10.708665 80.532116 3.295774 92.071509 45.886731 18.276672 76.029110 21.236736 25.819013 40.134278 36.833909 67.525524 1.515168 65.434819 62.983781 68.434471 78.197426 64.154649 47.202909 39.307463 
40.540835 69.803685 90.527236 91.285050 27.843249 61.504674 9.033777 30.684730 18.283817 96.105963 52.905101 76.035321 25.648329 71.450633 70.737684 88.243902 15.239842 36.019972 87.659734 97.171521 61.784738 16.122174 65.370440 81.022668 47.989950 67.067379 1.476814 20.806523 95.218027 29.345495 9.701394 51.324511 11.069973 53.039420 33.498314 6.181265 88.521594 82.470107 75.058228 3.613712 35.663649 98.960328 26.219535 71.707177 82.559997 85.862112 84.544426 38.181242 12.156856 20.283027 96.827793 84.682965 66.579318 98.586410 41.752240 29.895914 60.630298 13.434391 91.813606 11.300640 29.847866 53.084385 89.301753 94.535154 52.333421 67.820138 53.049254 98.780274 0.113945 15.078904 31.146145 73.238242 15.086101 52.095640 71.369982 15.295835 77.099395 9.533674 32.457268 9.302835 52.754629 47.042707 46.785995 32.210365 59.598285 68.341351 13.063668 61.052424 8.099171 22.760135 29.591951 51.907504 9.382971 99.589819 6.081592 13.319345 58.222991 53.824198 23.341039 92.841250 
82.859462 19.001749 62.406856 72.005934 3.726853 37.216240 93.347222 86.779422 1.770277 53.039217 30.070364 92.630059 33.390474 93.712324 23.008239 99.490100 30.121747 56.214339 94.393778 76.218760 8.650056 81.491148 21.722829 95.596832 95.960706 11.598346 33.397564 12.877403 30.524287 21.686375 82.895428 23.447901 88.860726 82.249701 70.715564 16.496056 49.225715 36.578900 81.583452 73.054785 31.809667 25.078756 98.638028 9.323273 96.248496 48.487860 35.453409 65.445393 40.711236 33.757859 68.338090 58.270472 51.843858 39.677951 67.321527 72.886103 96.748102 45.320392 99.820554 84.014690 34.885573 21.828277 67.861718 51.856369 50.038236 92.606354 34.978190 78.453994 76.234448 72.414351 68.027151 32.291445 22.342916 17.395972 74.095976 31.053227 11.565300 77.993792 41.665372 69.910991 94.019336 82.955408 31.518698 34.739834 72.411841 25.767887 80.850589 55.845189 90.143639 44.120845 39.030728 89.455587 80.068588 12.792417 2.150068 36.201721 42.312789 51.035827 59.171832 0.967252 
56.603950 42.636326 88.718927 98.995823 22.775139 81.763047 91.517925 41.787821 27.895483 39.408079 31.574267 68.688655 50.207001 29.044577 52.233487 88.247639 78.101242 47.534338 9.607606 75.031132 48.235634 96.306759 27.727878 22.428554 56.721628 20.407578 90.163213 73.106974 8.877999 12.537250 13.554071 3.277380 82.922882 84.871066 28.005180 83.033013 35.868442 40.895784 35.453653 69.539368 48.128214 90.901899 88.222098 48.812363 89.394224 48.716694 81.454921 12.835997 34.601966 55.257124 6.524780 61.987239 19.556589 87.609571 54.032850 30.099183 76.959443 57.333261 0.152637 65.367228 27.040288 66.096228 79.357541 62.191874 58.786470 24.230327 39.105153 40.316793 4.365254 66.820222 47.459930 59.071976 22.706455 27.389234 30.842385 67.974699 50.737041 37.424257 89.509243 81.886250 62.198359 67.776489 19.468008 98.822039 2.053960 20.913455 92.449027 90.785336 29.119083 4.454136 60.658103 80.773509 60.372114 74.146998 88.635463 96.238875 86.778635 88.521016 72.717667 65.820420 
43.821725 11.734260 17.705788 81.177449 49.410915 49.236307 14.610800 63.726795 56.242484 67.415625 54.365236 16.520862 66.139537 7.168403 79.338908 49.042401 55.653507 68.518126 84.161621 4.336735 87.505978 12.931785 44.522125 83.352000 97.084779 3.914501 91.021568 99.449515 47.993404 25.136694 72.403497 85.615611 41.601858 2.416920 21.176192 8.263438 83.609718 28.581804 74.378330 76.545614 2.177429 96.048653 89.746708 72.907251 52.188140 26.045364 44.451764 0.811085 31.909713 6.546798 32.038328 68.178248 71.816790 24.760532 50.278848 36.582917 49.103886 89.014435 65.605843 37.361899 41.425353 35.911483 64.265966 18.059698 29.335484 41.466543 28.184366 94.624603 55.668604 22.239627 81.407875 22.155911 74.402773 87.448001 38.591859 13.356136 76.567990 78.236037 13.076492 76.599240 3.476200 24.499241 58.740264 47.669795 86.229551 60.069442 87.135333 83.562130 28.739387 22.890557 21.585800 92.535061 36.812711 11.238675 88.401520 64.307743 20.243113 25.995246 2.094946 9.750564 
77.718669 17.657799 74.615312 59.578246 31.546852 7.965165 70.540810 79.377067 90.402406 93.238938 66.824561 20.362562 33.568531 86.282700 53.368098 57.658881 72.795343 71.337080 62.261885 35.529613 46.211937 84.050173 31.282303 61.667043 38.031605 97.184402 78.214371 48.961705 99.389893 45.905867 39.896622 42.510179 68.589145 77.800328 90.095389 33.220550 37.802091 39.736041 43.654829 6.726734 56.207675 82.357734 86.473930 67.341769 13.122638 52.165824 51.052707 42.870674 27.403432 69.488734 97.133434 21.584603 72.436947 47.772759 16.771278 74.862736 18.042070 33.052623 15.420806 77.502030 76.580375 86.361891 84.322804 13.371843 40.569428 50.367022 18.486372 0.444324 67.758757 21.460216 81.847799 15.958612 16.380154 1.243188 94.263846 92.449641 1.084054 19.694503 5.497612 98.366702 49.181220 88.765407 80.157477 6.716391 82.379317 49.160403 38.904786 72.721672 33.119372 37.261969 61.899817 50.190198 46.651956 79.454148 85.891134 72.311151 33.520585 80.454677 1.779958 15.748648 
87.532085 51.717961 23.768151 71.301401 62.596083 52.356738 59.698969 60.562044 66.231096 46.059564 23.083712 67.940289 72.443485 57.643247 10.010125 40.178373 77.919078 85.915035 73.958075 13.346756 18.908131 88.955230 70.542467 7.286685 67.308706 57.378417 59.060013 21.607897 63.922894 52.088583 52.834922 96.571732 81.131560 78.095615 52.986318 41.050383 33.815292 33.586907 95.141757 47.485602 90.533453 95.736557 44.317588 45.695218 99.559438 95.511961 69.480473 58.258420 49.302897 33.797258 30.506843 28.527018 53.580940 34.849650 18.084152 40.347439 19.410005 23.966356 2.547732 19.738713 48.556590 90.586382 85.286385 8.240613 99.979103 48.743939 39.376569 1.974032 77.564132 20.340981 70.862490 85.875213 4.755761 30.080006 54.667991 4.909970 21.863581 61.204594 65.650207 83.011401 72.652906 77.378291 96.934837 83.836907 46.853706 70.231760 85.219276 80.394280 86.636472 99.170393 56.840277 14.541420 97.661167 91.265237 94.811672 99.774712 13.561073 20.946059 40.413836 35.329735 
86.873633 85.170782 65.338963 51.996106 98.585296 23.071480 62.349397 6.286751 61.434501 29.694629 77.618796 39.053422 70.891696 76.710659 76.061833 71.224660 72.881651 21.864617 78.609657 92.537260 73.687434 64.681292 98.437572 40.269315 6.358904 74.097550 57.508701 48.750561 50.664407 16.706313 83.003616 41.756880 7.871597 97.921127 60.380483 14.807987 77.840424 64.013088 68.004656 54.248852 60.485786 84.594262 75.718582 2.247440 72.716665 48.965552 64.041179 40.112379 68.781680 13.654959 98.907238 33.950827 11.556553 30.987185 1.621785 57.341540 39.266351 49.551475 11.642303 72.191173 17.002542 61.728853 76.839685 44.572660 32.718900 6.542142 53.792638 92.833728 56.487077 78.336602 3.269371 48.325765 11.144359 3.234600 63.929206 58.196151 2.705233 66.848457 22.025137 76.470280 35.946798 57.843637 77.987176 30.468318 81.017053 53.601587 81.881040 74.609542 62.620485 62.504661 15.870620 37.516463 39.179665 92.626661 76.306504 83.393162 88.909215 97.157878 32.445511 11.701099 
60.372031 72.746861 56.525165 18.446735 34.270033 76.462245 0.919232 49.538580 94.923878 85.607255 1.146704 72.655785 25.821951 89.535886 29.660228 99.440283 92.877895 98.790812 77.159721 23.460943 8.063243 18.927571 15.700668 81.120998 0.564602 89.261413 16.603309 51.817781 1.403620 90.646845 1.524779 26.955426 39.855480 51.073933 99.620062 14.400363 26.890349 46.096897 50.567561 89.027339 82.513666 7.160286 42.929989 24.317740 8.250842 71.908778 70.873868 77.094549 28.072128 8.235601 15.746236 46.991491 85.975379 88.199180 63.618034 28.306288 43.771559 68.586975 41.328663 10.848864 36.858591 82.322311 91.132975 71.950620 74.110711 78.740597 93.176895 24.109556 9.310459 80.887163 70.556408 41.560438 6.305202 71.532470 46.243995 22.815868 66.310519 80.925888 21.383189 87.254405 84.809363 90.932989 10.726163 74.624377 11.914609 48.824167 87.759030 66.033632 27.269679 21.484689 93.171245 29.106042 85.253966 63.441569 62.470001 33.342215 82.638282 1.640705 75.332403 11.675059 
22.715984 87.557447 77.984291 82.014483 17.416880 25.491345 33.049288 59.366000 64.402008 4.581217 96.522015 45.538288 61.991608 92.914712 17.605393 93.838847 49.515727 10.829153 5.578554 58.749336 0.131380 8.111474 29.548463 21.030270 55.730540 63.168651 75.536722 45.702752 26.168963 21.772087 23.459215 79.037589 84.732687 2.242243 85.376728 26.711211 35.327080 42.235154 46.242329 94.823295 95.103669 7.369992 67.456341 38.676354 33.487621 26.454175 15.293340 35.169622 95.833695 76.943606 91.221058 52.280194 73.201954 5.254626 14.489743 29.104012 51.151347 0.683515 87.839073 11.257374 2.677984 8.882199 83.121711 26.557776 56.557190 56.732672 6.031839 77.114832 69.017732 80.976933 79.320747 43.743563 98.075831 60.504621 1.165418 87.172526 8.606503 49.497876 10.781808 9.856721 61.907023 71.373701 77.763569 72.263020 24.533838 40.215242 97.561687 19.292143 43.055946 41.296622 72.332829 97.885811 66.873252 38.720602 77.155489 52.313769 37.492570 37.625092 64.946389 53.995854 
8.289449 20.768794 61.121672 71.981239 88.694489 88.311011 43.111220 70.283520 55.170310 47.388235 54.072511 96.694529 44.988960 29.440582 7.838953 49.279338 37.817410 97.193068 23.887366 74.966192 56.812441 46.676371 89.763296 51.741225 14.735210 54.661870 2.026867 65.561986 0.320617 88.610977 84.738553 0.877192 42.966920 45.026302 57.074696 54.451537 66.971701 93.416983 59.243888 12.043110 8.554591 77.008754 86.083156 99.614692 24.145107 6.809925 54.400283 5.516195 10.692056 1.385092 79.237175 39.242119 42.306352 42.836273 49.250752 57.387906 18.530111 35.579103 77.967942 7.176656 18.064435 8.952355 62.231547 25.566524 96.551645 43.498075 72.146225 61.584163 45.034140 88.809711 24.809119 66.875952 84.167546 3.937458 76.859224 72.943634 63.696021 39.045480 37.377748 7.813831 27.067846 29.299113 30.195016 87.625450 20.979348 99.899840 16.652063 71.222985 44.746634 56.670022 53.036898 91.178006 28.745660 28.302360 77.746743 89.498645 3.709562 46.605933 5.890334 98.834616 
13.341668 33.426178 93.771791 22.531858 92.950779 23.711516 19.457586 23.648332 57.510847 84.789425 55.871248 28.093958 75.131094 28.331715 71.132803 28.969872 96.628720 38.897583 51.687652 14.379515 76.514757 83.474630 58.140343 64.731312 39.168856 10.931239 21.324529 1.354149 59.176505 79.527563 19.767556 33.299986 72.878158 63.248241 13.191582 10.916146 67.659378 51.179969 81.715649 94.911712 81.175447 15.736395 81.595266 71.590990 29.804167 18.650070 51.724607 35.495049 65.303594 57.494140 4.045038 84.950095 56.218308 61.058789 15.098161 54.784513 63.314873 33.051106 89.945972 22.001621 81.256628 80.182481 26.965028 1.220345 10.343649 45.713612 8.685374 75.068039 68.496531 21.169135 89.646202 83.738846 98.758084 27.113882 3.018674 34.853521 83.140844 48.211378 88.650751 53.187972 30.208722 17.975065 6.928872 53.545350 36.659899 42.938122 60.998237 97.336751 38.816127 82.642794 77.405441 53.198081 0.117632 77.048099 47.352663 56.179380 6.830671 3.081466 90.207326 14.567022 
27.927560 78.475088 30.807328 78.752398 91.588664 30.653226 88.757151 41.436648 25.729111 29.164472 67.302084 46.175101 64.935845 76.705891 95.928419 68.965644 5.548226 49.028865 28.142521 91.324365 88.566476 36.731747 50.467849 13.177066 66.937691 21.805583 86.426389 68.368083 62.329352 69.396776 51.574987 20.798083 53.365082 6.935398 63.236606 17.683399 4.891878 17.787221 49.829426 83.188027 41.165808 73.731178 99.903721 81.869978 88.765365 79.457015 34.084353 55.702978 99.973595 56.237036 75.874496 22.626220 78.869808 64.871490 95.176011 23.216023 91.688848 14.492658 78.107262 48.704249 72.287375 33.910084 26.760983 71.831340 69.337702 58.773434 5.143642 49.186546 78.290462 27.762267 0.436448 35.373375 20.312437 91.141272 11.382087 98.729157 40.918693 20.467192 92.104399 98.590404 8.951794 52.806246 14.608262 21.062125 91.144198 60.562211 69.036067 89.202833 32.031187 48.147571 16.221373 32.615626 70.800579 45.292899 37.750930 79.848939 21.102646 72.174501 36.888176 79.599643 
31.192470 51.835978 7.247957 16.408356 75.229239 77.865821 90.896142 91.428697 42.063725 65.011442 47.345117 29.369500 13.203166 5.606472 27.984786 40.295956 54.127401 19.263026 53.686380 7.018270 56.065023 84.841865 37.222171 93.030125 57.279444 95.638013 88.039500 79.819834 31.994483 31.258276 57.838130 85.470098 95.967120 19.382320 58.662093 33.814141 14.276123 38.803291 66.913617 17.197944 45.854968 84.421241 67.809170 68.757039 99.560195 8.229025 5.232424 41.346458 9.902260 27.281329 17.288709 71.323901 40.859377 23.579495 0.570767 92.873150 19.072980 59.557253 78.770131 89.549500 58.400738 41.220567 94.069159 20.331524 11.930844 21.703835 76.356882 30.121011 43.824413 56.921369 77.433193 19.626208 57.677603 87.434953 19.264904 85.227430 17.458266 21.074001 90.738529 42.465666 20.446944 51.787251 88.333464 20.484659 85.659766 83.716977 31.179348 31.279498 14.532736 51.702511 64.131480 57.794863 58.274388 17.690231 19.704714 77.139282 79.906029 80.623347 36.538646 4.994611 
44.423589 27.266440 67.038989 24.240468 9.561128 93.881214 61.601067 29.098475 58.060598 24.462447 40.334222 97.263211 2.772585 98.840421 10.934146 70.182985 65.457970 52.081907 40.571135 79.077274 51.708394 63.008267 79.902709 24.793939 11.726925 94.428730 63.707513 32.178360 21.683314 31.470704 28.103349 32.970181 29.827872 17.028701 1.370451 33.165953 20.183773 28.689620 86.443430 54.709107 95.922810 74.638325 46.356630 15.883110 47.427511 14.195453 82.973254 31.494823 33.467796 93.245721 80.809367 63.016635 20.602043 58.534062 81.967217 23.040399 39.994815 92.846489 70.975775 89.804673 47.168916 67.976248 76.776153 76.799190 63.976723 56.740171 32.073951 66.885322 41.610616 49.621534 89.125818 37.647539 42.211044 40.996841 33.922136 29.323071 32.864061 46.286756 41.487879 86.782342 50.847089 87.047321 4.364254 50.012308 56.906116 21.082030 25.683135 56.470168 94.093829 34.956914 20.871094 80.463082 43.045923 72.824633 63.597703 86.599177 72.403443 84.614623 17.918754 60.496211 
59.824318 67.333776 78.729790 11.575390 47.581041 94.535309 54.956037 46.132943 56.392717 92.439485 30.415201 88.302243 95.797038 60.804862 47.311696 67.685068 82.916147 71.722114 33.586878 94.647914 47.451171 11.837622 54.913235 26.704907 29.370561 31.044158 59.148324 5.877262 79.136688 50.321805 58.624178 96.593505 47.026843 80.151767 10.767452 68.558019 54.591888 25.882444 6.221169 59.182745 84.380561 84.130424 80.043560 92.155594 59.034747 96.994495 86.457419 89.817148 56.847525 36.319727 25.644678 10.078590 90.864402 57.988846 18.500337 35.174358 75.408304 87.404555 8.334474 77.496523 84.088343 72.781616 40.625104 86.112773 97.357690 90.702993 45.211950 77.220374 42.834583 20.815986 54.296023 53.273511 67.919797 28.040975 84.660888 95.564806 57.663029 42.529860 99.336994 56.803709 99.935079 8.850729 54.192197 8.221697 82.067287 4.866890 97.825813 58.425224 52.720106 66.816825 90.325087 93.757194 77.172834 43.831152 70.179105 0.226746 10.925289 21.331705 21.957716 43.338013 
81.982058 72.435480 23.151785 12.043558 16.079645 50.592053 0.600447 91.716540 79.843879 36.067578 87.798768 33.941463 54.186267 8.604539 16.484684 58.083862 15.486638 83.920544 52.612847 64.123797 28.662902 37.385145 32.116142 75.988030 30.828875 40.915290 63.273650 40.256205 86.016870 85.517722 96.388686 4.666414 28.415754 83.566266 98.287636 20.291112 32.720953 41.067389 19.591251 70.152062 45.679045 27.727723 19.823939 80.945736 54.956353 51.399308 68.170363 39.260790 56.088972 87.376297 33.433518 17.127113 55.379677 66.236556 37.765828 30.270058 48.863640 51.229310 11.024345 86.171842 90.173328 43.125454 9.480064 31.435549 37.289950 32.189474 8.494836 72.704786 49.341482 82.294130 17.401281 63.326758 32.837182 94.525242 85.742891 80.769277 89.282072 63.802183 23.251837 93.630564 48.854324 94.647926 47.650743 66.051221 22.848949 22.283271 14.935116 14.503409 58.786035 16.927542 1.195037 84.990656 37.927157 41.710991 36.643168 61.740589 74.039143 75.912946 68.901181 22.186191 
83.320260 63.659799 30.272913 96.834588 98.947954 18.286207 36.290455 33.678323 31.562132 64.750689 64.831120 16.679884 38.825855 46.128601 83.415741 68.333942 88.588393 5.147123 7.691787 75.871944 79.787803 93.632627 83.579928 27.813914 68.465322 96.686566 11.081347 44.193009 51.897258 37.252152 96.938735 49.306831 99.912858 35.433519 31.167856 38.165402 45.917863 41.498414 63.856298 32.765165 84.143585 1.194061 68.588930 74.184543 19.637267 43.561697 41.441143 1.272357 84.510744 72.114044 20.708479 47.418240 58.356005 89.381969 42.758742 46.175924 78.737646 43.595281 5.914111 98.473287 40.571404 83.553958 91.323215 69.252563 27.778167 67.653739 56.381506 3.949207 74.325562 89.722496 66.019791 94.659024 34.268171 45.148158 5.075093 97.083944 89.881039 30.613646 23.546287 42.441851 20.203289 56.686497 29.914278 69.278044 56.031615 23.344481 50.688291 18.112966 24.619690 83.126938 14.487818 96.760762 58.088064 86.129010 70.303881 97.372043 31.944564 92.301232 6.792779 66.231018 
44.695428 96.047240 65.932631 29.725489 96.313763 45.423949 40.301767 51.798928 84.551495 56.986314 68.934649 84.634477 51.695400 44.623604 88.923699 40.565005 76.040775 17.266154 92.259967 13.320895 84.283239 48.351160 37.942883 6.050527 91.206598 9.300385 11.569925 55.740160 24.899007 77.621144 78.564847 39.415136 50.179762 71.252847 46.622735 88.333827 26.609576 27.132767 20.442124 70.772588 74.919498 71.991956 68.819159 43.658900 75.162071 48.934755 46.416074 14.957495 90.619147 36.039728 19.698930 79.909950 46.502590 69.024116 88.354719 77.774066 48.764080 77.885818 27.001917 21.201839 39.306986 32.521936 96.185952 97.314119 58.359879 54.531795 15.922362 7.120004 65.895826 11.186396 9.764781 16.676505 82.020503 18.554701 48.866183 93.946415 57.425809 55.580914 48.458380 39.983973 10.614961 5.655310 48.801088 99.902171 55.790168 65.393931 75.841868 74.249744 15.437751 62.276995 89.462423 94.978476 3.213050 1.732665 20.898673 43.999368 97.393173 87.044936 64.286202 58.153009 
77.611685 19.621463 77.937073 88.372898 83.318657 36.628303 11.906444 11.612260 67.257303 93.524909 73.156798 46.278378 0.716540 42.894569 29.037833 38.854444 26.618367 74.919665 74.803191 17.192663 57.090634 22.289458 18.926433 96.555805 13.383639 38.825449 39.308703 61.387151 33.856183 20.863436 51.776439 6.656821 81.193376 17.073525 54.744583 92.190403 44.103590 49.038702 93.483961 84.944230 57.724231 71.148789 97.678870 88.739270 40.908763 53.587085 38.155377 77.426308 3.918817 63.556355 91.670024 98.119509 94.559360 59.159833 99.354500 51.104933 20.612855 40.265486 42.023018 80.863899 79.518127 61.206096 90.865988 84.611022 57.440484 2.238335 19.697057 48.439336 19.902687 4.463040 10.309242 67.435712 91.979933 6.779561 44.088918 2.424329 45.703119 32.318142 71.012229 2.560864 40.446240 79.951119 38.474941 48.331690 10.719255 58.513147 30.443496 63.824612 0.266828 84.576112 70.677233 72.262990 24.118258 55.558693 74.919081 64.970136 53.115642 14.563829 74.263710 50.169349 
96.234101 6.527828 13.195175 71.304411 13.232692 1.846024 26.133570 26.915586 70.257157 11.995106 1.750619 22.658427 20.189248 20.679982 68.451482 64.105654 23.708424 67.470145 70.736814 73.597634 55.423111 96.220016 69.802856 76.563430 1.563445 76.827389 37.939295 45.728785 63.704485 81.279564 65.678126 52.257806 96.970385 81.241673 28.759587 62.367147 4.684298 28.990597 44.935024 22.928664 62.067688 71.580660 56.201994 86.894816 41.149274 95.863765 82.273489 70.510769 74.481553 11.459935 7.132959 83.648902 87.065905 16.644214 39.297011 64.867020 19.995908 71.223122 46.963844 21.325402 16.024677 26.760378 61.704016 59.439844 5.486516 11.872933 48.381335 45.103350 52.028888 49.492821 25.824222 27.705091 39.453003 86.596632 29.571286 4.607670 41.111445 60.054219 31.287411 47.498837 12.954171 20.752913 94.211179 7.254405 24.786352 84.211892 49.246517 86.192989 45.578930 45.084158 29.447860 30.171365 90.138245 53.487575 65.675139 2.021908 82.215852 1.799565 45.292795 36.023650 
49.459094 59.008038 48.090389 55.158883 55.307221 48.445672 26.392964 86.531186 29.686221 36.320740 42.672509 96.844256 61.363900 43.080869 60.178775 24.676050 30.379805 93.369043 53.524655 88.830221 69.558340 66.982323 71.928638 4.653646 13.837057 59.413636 64.926887 26.164114 40.265930 49.472156 78.530651 64.663798 4.401661 78.722554 89.964569 34.506199 45.675850 74.016130 89.137691 37.180042 84.965974 23.125672 73.170513 76.764172 75.423580 44.072682 29.557964 80.719507 52.759814 34.162721 72.828490 28.414911 69.406801 20.121327 79.142195 42.902279 58.581460 78.631347 57.032406 43.633288 44.670284 73.436606 48.987138 26.856005 68.895119 20.307995 16.470666 22.499192 43.910626 5.875024 41.531765 24.403559 50.611567 28.574625 53.727800 3.157380 66.091001 91.479939 3.291485 19.986737 17.089038 15.456595 78.989029 68.596554 2.233337 35.696635 53.359193 7.979568 12.597105 19.550097 78.488851 62.114108 51.773411 55.765074 43.572196 17.905420 36.396736 19.952406 40.098572 36.717308 
7.776054 92.135638 23.699085 10.539702 40.777859 53.479642 32.302848 13.959046 9.678196 61.441404 45.693159 64.945757 43.336338 53.821999 86.319965 79.641992 43.003884 66.282713 13.543724 29.366845 68.578774 3.446038 17.558694 8.973755 21.893126 57.774419 14.693651 56.175631 43.818223 52.887791 85.076737 84.759867 59.068984 72.378206 60.488802 35.257480 72.436351 37.740138 98.480660 64.400214 74.437958 78.730983 31.639853 71.008503 39.899820 96.299249 1.499498 2.058709 0.722074 35.889837 0.497886 67.974359 45.080921 75.064766 13.542895 15.435909 31.315878 25.972530 20.323871 83.291161 74.541461 18.357559 35.497624 8.573241 90.463448 19.189857 23.934458 66.443789 20.712243 10.667825 94.144660 89.353824 69.664896 57.881790 19.297874 39.365682 19.009955 0.306698 54.679239 93.943399 6.675718 98.793703 25.746605 23.203515 81.463963 64.811563 87.987244 1.645638 58.246523 49.310204 56.620383 18.785068 20.650885 79.426283 17.489979 54.074794 35.032001 82.844180 62.111354 5.510180 
9.591801 9.391637 45.245594 42.702946 8.410184 49.963206 31.602955 50.861871 35.489154 66.218626 36.481133 38.423920 90.819889 9.885772 50.176203 11.439039 55.923074 99.098420 47.111338 0.244122 2.964693 27.588710 83.434361 81.280708 84.892642 90.681475 83.596903 13.180555 25.604156 29.065505 3.921566 9.756979 85.540992 87.457490 98.018128 90.715724 59.223235 64.883369 94.809473 62.808418 21.126336 70.327735 98.245722 15.837267 76.948851 79.335016 83.621782 31.282419 63.629901 27.708870 2.999207 7.667459 66.984850 14.353822 44.695613 99.167609 10.048763 89.567447 60.121363 59.721506 39.329356 8.487411 47.914112 92.463320 30.992261 86.912775 43.002945 50.507098 72.824162 55.718899 67.507857 4.525586 61.526811 81.140852 34.283334 0.009176 54.223305 31.038034 56.237048 76.039630 98.073548 22.142106 42.389277 36.564720 43.254855 84.330249 38.538185 11.261422 70.724350 64.181209 93.595535 60.129786 1.302873 97.378200 35.447517 66.395646 11.618276 68.360692 38.133478 9.390508 
26.277605 47.719601 23.351312 65.503478 16.926363 81.377888 18.157297 69.690824 93.711948 16.721317 35.184884 52.366430 22.563365 22.471964 86.304379 17.709851 49.464089 42.920020 56.793523 28.741860 64.426666 18.935034 41.101018 84.792852 13.521068 48.595199 39.494917 91.068476 87.880301 4.232283 31.976217 24.288507 16.942686 55.720305 91.167754 56.412923 31.976339 26.354668 42.918757 35.525364 74.802577 6.963599 37.201530 46.133348 63.204008 69.776505 33.727109 51.512057 63.123757 20.984723 90.241188 83.648157 74.578148 34.949452 95.444918 42.716521 36.591893 99.945414 82.574213 24.783167 30.679524 30.775616 45.789176 78.676575 17.180260 48.613375 44.996458 55.474865 66.071653 66.266900 47.811878 74.230903 98.832154 72.056788 58.439946 0.136682 97.220951 92.496705 92.107719 54.402596 44.380379 1.040417 86.294049 44.062284 54.789662 49.833819 56.991470 55.661774 7.480009 16.512774 30.195501 95.788354 14.892381 96.250892 88.739657 47.451609 19.177973 24.204732 8.936594 97.329295 
13.436127 20.969181 29.022810 86.354637 62.420839 7.091283 83.191985 7.642206 42.549887 35.949916 10.225525 60.403216 96.889770 26.350015 64.721584 75.715131 44.225869 4.170486 93.348926 15.423152 16.921102 92.957914 43.688193 67.442262 2.116517 72.303206 99.985504 56.405824 12.651601 35.467744 6.373909 26.288995 39.117375 45.729247 71.460414 35.227618 70.552421 74.538541 69.302660 69.795322 49.974254 17.301565 87.422484 9.650473 95.493817 64.553386 48.725682 32.542196 36.682323 19.786410 50.188893 24.766299 47.183385 11.168149 3.082241 3.217885 82.986033 46.215177 38.454399 3.062801 76.503754 98.558658 75.358546 51.102215 74.906862 59.582728 6.941399 64.093465 18.851642 39.557940 50.307292 14.664510 66.430402 95.726043 67.564517 56.826460 82.281393 3.337559 94.360584 18.306632 79.576927 49.372089 96.688509 43.757221 27.612284 79.677957 47.417948 53.431654 25.805670 15.890017 63.512915 61.591864 74.475247 5.441589 56.793433 27.272850 74.783832 91.816056 52.471256 84.382391 
14.881794 18.320735 16.587561 87.133104 46.023732 20.892338 37.523180 52.093041 27.757540 20.971407 66.441464 81.673533 87.026787 59.237021 96.630776 73.407960 67.564470 56.047732 94.271469 20.608000 58.672458 7.966510 93.137884 68.432772 49.649179 53.764838 25.669140 21.221246 65.488929 72.379714 85.880673 96.457332 58.343679 82.228148 8.505717 55.584341 5.990802 87.418389 40.898949 88.640094 74.040031 90.776789 85.468423 67.814106 51.650810 95.197093 77.559584 43.969703 98.818231 38.020173 5.038426 80.823892 7.135963 34.136027 24.183437 51.017159 45.433035 93.038839 3.810992 51.337856 35.365888 94.509810 26.427102 60.312057 64.778590 33.791083 26.714319 87.534440 91.358519 62.665093 12.258316 25.514275 18.414231 87.977719 41.543168 16.022035 82.355124 42.601651 5.962776 16.368009 97.121304 17.749947 23.359874 9.398319 57.545382 65.271235 13.617828 74.841160 55.415857 74.330574 73.982757 28.154498 92.678845 53.318483 23.779584 63.466936 88.831037 83.195788 71.578163 14.202565 
2.508523 60.748249 95.795810 40.170640 47.933257 14.253099 51.843333 30.900678 47.692123 61.517262 20.625149 46.863633 37.093085 23.477605 88.105607 90.909129 9.778918 54.276466 24.576961 64.970690 62.356234 21.230289 17.467625 78.380108 34.511313 31.639126 58.773541 6.875617 58.499062 93.748260 27.036461 1.826087 91.041309 31.286007 23.903117 39.676699 46.267027 9.928441 67.310333 84.735489 49.398467 40.011629 75.459033 39.966959 24.670734 41.027713 52.749372 58.682215 72.004080 72.562248 53.743851 72.954243 41.954103 22.630902 57.559258 98.408598 53.327489 75.102431 46.600688 17.735675 83.496529 26.113528 90.070218 10.163030 10.048896 91.802663 27.313656 60.601526 29.807034 66.810417 82.657725 28.405708 14.755398 93.966281 91.294026 78.700429 18.140027 79.421747 41.302621 73.168552 43.902031 61.404943 32.885316 3.519032 44.366336 65.032339 98.523694 87.768829 30.736443 87.406033 33.248153 1.737521 2.510487 93.746567 98.571956 98.890609 54.484487 20.756200 49.460649 85.116023 
44.997856 78.953189 66.282302 6.672955 52.342635 22.666419 54.495221 1.200970 84.704077 21.424551 82.439482 60.378969 89.282286 67.344397 57.254750 80.599385 33.904034 25.099576 48.578477 58.444518 77.019805 71.836555 56.939816 87.543678 46.636036 11.843193 48.532262 81.726676 80.234659 3.922226 20.842248 95.664120 26.835847 30.064988 2.230798 93.014747 98.877776 38.794446 18.237647 20.144147 62.670290 99.595118 95.153499 44.886202 2.394894 50.975621 47.270027 67.340851 97.636598 78.344429 34.801680 11.854636 40.870765 14.946745 9.951328 51.969337 48.638719 70.939559 81.210548 5.687327 86.911714 25.217521 30.883545 59.729475 73.294103 53.960836 19.774656 52.636462 61.071765 33.201072 10.403150 45.752206 57.332510 87.488008 10.918457 6.507911 78.452754 55.413961 42.436555 31.188515 85.345489 1.661229 20.272583 21.303460 47.246942 79.336852 14.482720 11.088626 66.536379 76.909071 10.769770 7.530988 73.315507 13.705377 46.283108 80.194885 35.440722 52.205789 22.674152 84.467739 
49.248663 22.289769 24.165404 47.951186 15.586317 59.223759 73.697430 32.666481 25.522277 52.904910 72.790509 90.081364 97.484046 14.392988 2.947270 34.761190 31.322089 30.348122 60.881662 38.110083 16.160846 15.342583 62.790167 14.392924 1.873492 87.776655 62.271881 3.550022 65.216690 96.909720 61.639500 75.103426 63.323289 74.527603 85.388458 23.850410 53.826398 60.256457 30.280361 22.043192 79.944009 18.912280 58.696008 3.772613 6.312764 98.634273 46.230996 4.369381 36.182985 27.414909 62.360996 1.230653 83.584243 0.423056 10.294821 25.063229 37.680265 92.238098 45.748419 93.679082 64.349478 21.711980 13.254951 75.957429 16.559717 19.163960 88.673282 31.817541 57.399964 21.175942 4.066157 39.893940 97.447509 0.312577 53.476191 74.365801 66.020977 14.599051 66.244805 76.388043 53.881210 81.451422 54.095966 90.886837 35.071924 53.824639 30.763566 43.279523 98.947030 2.786866 38.854817 32.898247 20.840871 72.513717 38.058519 49.521935 15.140568 67.526484 17.604618 80.819684 
36.405152 61.375684 41.084099 0.449903 61.524922 49.392402 38.091955 11.459160 94.098139 7.462747 26.401788 34.849495 15.463102 88.342190 67.187601 22.037175 78.799921 90.307212 93.314618 38.792700 88.920069 79.589760 65.133351 96.200931 49.082154 23.774217 73.262554 23.746233 2.933763 7.752654 98.854321 44.614661 38.615143 4.728600 73.585886 58.022511 84.358573 14.563790 73.610991 79.917818 78.750229 55.106825 80.407572 10.108271 89.711702 84.528637 72.813326 73.528063 86.183894 92.669678 99.240756 39.344409 61.488885 43.683857 94.592851 22.076923 46.843150 92.827535 52.406543 96.753424 34.771097 97.816354 99.484187 30.703378 31.691557 39.985934 43.592933 66.433209 42.947221 13.963057 77.098453 93.717366 7.741209 6.507211 66.703022 77.732623 52.166343 59.745455 41.891962 78.234792 92.190260 41.704026 19.552858 24.892177 62.813783 11.289240 38.262260 73.799539 48.817077 68.630731 76.745188 56.418419 24.366629 29.943699 63.747269 0.332721 92.040229 20.158201 98.895943 44.115978 
57.274908 19.413087 75.751877 61.784315 9.034614 44.749498 4.842889 94.430476 93.057179 12.037675 17.202078 15.330429 58.520365 51.814830 51.843137 27.603430 30.821979 24.995022 91.324568 92.026514 89.587885 3.580794 82.400388 3.333353 23.661858 84.851217 94.459409 79.270369 97.126067 97.843444 54.776174 23.144598 91.265464 98.625463 98.138875 20.034578 21.155345 57.888627 34.141234 11.715116 95.947313 86.477530 27.844301 79.147655 34.669587 91.762555 53.276211 13.289261 52.598840 28.713652 90.379566 9.338307 48.933002 16.977187 35.567394 81.199712 23.568498 15.735404 64.930576 88.178700 19.391619 14.924166 30.445987 5.699601 93.202287 50.852513 78.208089 43.366766 65.244704 67.777747 40.586683 40.389568 27.455372 42.429438 11.562459 30.253723 74.311477 53.006130 74.079615 56.083918 2.378014 67.285389 65.525413 85.621923 47.654641 31.522712 2.215661 38.606092 52.613723 78.827977 61.859262 68.664485 43.983999 39.073682 11.348149 28.340232 14.303704 2.343490 87.029761 9.220912 
75.868529 22.358690 82.497013 27.286190 99.010873 75.753915 96.073204 2.392026 2.787101 42.800871 54.251027 97.044319 23.910233 59.299624 48.743680 35.036063 51.116729 18.852441 52.977818 98.152620 51.110476 13.811609 31.708032 16.881312 24.229881 31.611404 92.884648 12.269252 9.318905 22.830109 5.651067 77.486432 14.422832 4.533797 99.526834 47.497842 96.248001 40.190342 79.090422 72.682804 79.841369 93.932754 27.808744 81.568360 19.471031 49.628484 5.913249 83.983546 11.510434 55.860442 46.468970 3.989215 46.740600 69.251281 6.244695 54.583442 83.898020 73.976231 18.548547 45.417234 27.462742 66.277033 18.137152 31.114265 37.459087 74.877840 71.827745 8.908740 29.203627 25.329909 19.787939 75.896955 0.092791 59.545732 85.121489 36.903691 40.353134 15.141372 81.037146 91.288292 82.287389 4.127891 77.457625 30.327457 13.570875 85.685652 18.777797 98.438215 51.095533 62.581241 2.939741 8.236191 25.670072 36.906856 93.523920 56.566459 12.475073 68.554550 96.344918 69.047964 
89.171267 1.440917 17.492847 2.282096 55.191851 9.386771 63.463950 38.585743 10.595907 85.409671 80.355614 36.844337 42.772022 69.359714 28.688344 65.007788 85.861158 68.505847 77.792001 50.170082 8.567676 96.928161 71.622419 58.047307 1.122129 59.627759 63.744265 49.822900 73.463112 94.529819 62.674534 70.919168 38.478187 2.868962 18.642151 18.640330 88.022792 99.041796 95.460838 10.279739 71.570259 81.337422 38.094333 51.435471 75.966197 63.887990 65.410638 56.621474 37.090945 87.537354 40.274894 0.148548 96.643102 80.568820 20.201504 26.684108 79.803431 56.275403 20.750886 60.139859 70.647502 72.576708 96.727574 0.355166 69.271231 41.546702 75.425744 80.474693 38.118178 52.194101 26.253414 41.137370 95.795935 42.333847 4.977900 63.564152 22.739796 87.765098 68.011224 64.649183 58.832890 4.390207 86.209524 23.451823 54.790843 69.730794 65.510267 31.072393 33.710399 70.660448 90.134901 97.316158 92.662078 71.503448 58.489007 24.783210 31.420681 87.404156 1.613188 12.844068 
70.237643 84.048319 0.121614 43.963555 95.441288 81.684148 65.458614 62.961340 91.250432 46.035656 21.256782 62.744993 55.067623 21.514939 1.569844 84.362483 80.302161 38.416278 62.382126 56.398332 86.794192 49.989057 66.066629 81.787509 2.619103 19.262068 37.578148 75.942713 69.190884 91.140342 95.694131 31.232822 30.050352 56.277752 60.177004 94.901413 8.018592 68.481284 64.962763 29.152212 61.229873 90.444398 98.999786 89.407283 68.183738 64.110029 97.280991 1.601364 14.128639 60.027790 87.115127 43.947011 17.422040 12.220822 95.356154 50.864971 87.568945 71.276051 36.537150 79.861790 37.124527 51.895273 3.870340 48.810968 65.926075 19.505167 23.335786 4.550412 78.763860 84.241003 38.538599 18.247239 81.354046 17.491801 84.703290 8.165900 44.272590 89.402634 90.093791 6.367496 18.497193 82.315058 69.187188 29.058447 85.343462 67.575043 33.743882 33.443704 88.327372 18.187751 81.538504 17.671627 7.035001 37.272730 42.800081 40.932897 59.190238 10.333455 74.370128 38.735777 
32.188690 95.293313 94.763744 94.284004 31.251600 45.625213 22.971261 77.978551 85.520828 48.565525 40.792406 97.977763 12.265777 50.906014 77.394521 69.768333 96.361804 52.869684 80.750716 77.329254 72.797024 99.593401 66.292197 72.984868 56.648237 86.884129 61.528623 11.549426 11.205386 28.928033 93.445879 44.862276 0.259606 63.191468 59.044468 60.397345 98.167163 95.536602 83.626884 17.086037 65.016425 31.098226 67.855537 47.998103 4.128238 83.299226 10.132527 97.383362 22.144121 76.243800 29.574892 65.197074 67.205912 29.777059 63.013721 71.620709 29.286969 26.058260 61.189759 16.239470 36.778855 42.245194 14.974155 70.612985 92.487001 29.024184 9.434602 67.358077 87.186438 42.431024 38.225335 53.190368 70.523131 82.275569 5.504030 6.239899 73.976535 23.602815 92.520815 97.379816 62.532234 79.219073 34.956795 18.872239 85.711992 61.446637 33.580938 94.845271 64.422989 57.208461 2.565932 25.616702 39.930588 13.393728 8.392347 50.180393 81.858361 93.479449 9.105932 43.403345 
80.016184 32.035518 20.932022 4.497325 86.551505 71.162450 27.324107 36.287862 90.075272 95.083052 60.819143 87.351137 10.570090 51.511067 46.458286 24.418651 4.268106 34.057239 0.022803 83.258086 18.639150 68.188423 42.825305 64.892799 53.250408 79.560483 73.071516 12.923460 4.583512 35.084885 71.681803 56.095660 99.709743 21.614294 71.437645 52.453202 80.948579 2.759032 71.055508 29.917797 28.401566 45.098364 68.190473 77.244896 54.931271 29.896888 76.975673 30.104929 73.529011 2.101162 14.223202 49.345034 41.982716 3.496334 62.877011 73.933309 97.138089 99.873340 71.239299 18.931741 85.770935 52.092022 10.574746 29.757538 34.956583 15.308893 96.557051 34.343439 10.175875 25.922075 72.305453 37.794697 15.460342 41.963124 74.255067 4.897847 18.118145 11.658308 41.176438 52.397013 36.607906 69.088775 75.032002 62.889731 87.661278 23.133156 98.935568 10.096959 99.588060 76.502609 79.402834 23.468287 31.515610 82.843965 58.492440 82.436943 17.690818 29.570636 93.675017 95.975190 
54.979646 42.918125 24.944896 48.866791 4.128523 88.088185 98.105091 52.280015 70.159847 76.516372 10.701005 51.797736 64.526165 91.247791 1.596748 36.541927 60.165036 93.753546 15.864189 29.413953 60.327160 18.553311 25.494298 82.649684 93.252140 88.691956 45.657295 62.165838 21.277560 11.951327 65.944338 26.507023 3.536163 32.282028 64.028770 31.556076 62.957019 18.589638 36.056754 5.884992 9.055201 90.758765 82.533151 34.648448 36.444607 24.540733 56.101072 90.744501 42.858419 21.424350 79.057705 22.900710 92.222565 84.622389 48.531464 68.334973 5.925368 87.655419 24.601513 77.644181 65.772122 32.022181 96.813762 48.934722 45.863533 28.389654 44.883403 55.340415 6.331968 21.391393 25.152686 41.175106 30.028468 88.455617 73.517406 7.089953 60.848480 80.410838 64.915550 35.688287 13.039437 53.822172 89.214939 35.469830 41.412565 20.966510 84.144843 22.369869 70.382309 15.504807 89.299214 51.875961 79.311591 89.890450 88.775176 44.399315 19.277027 88.989305 43.233910 32.318947 
84.518194 97.321862 88.550752 72.483778 34.896544 6.199537 95.613456 75.355047 92.251045 63.355136 9.801952 41.409388 67.575020 33.354130 82.861853 59.182328 77.411181 49.730083 13.504148 64.213115 29.809833 13.839069 93.226677 60.786778 43.398127 92.295891 17.044672 69.799262 16.223688 71.524417 10.914330 37.152192 16.881785 32.169732 76.697475 54.484016 12.828088 1.681259 56.924641 32.414216 85.741693 60.626554 50.476730 62.384444 95.407307 10.591634 13.596472 15.919173 53.528941 60.891515 3.742666 2.986435 93.018323 58.992118 80.545175 22.717428 11.807451 47.820854 25.105304 44.850644 4.776467 78.088123 27.109343 26.727226 4.494702 42.460090 26.725391 73.620456 39.039645 39.289862 44.715032 25.564775 67.195719 58.408529 72.143203 10.804332 88.403332 94.797713 65.158159 13.209453 11.278893 64.354074 98.916763 94.073647 95.779288 62.516105 8.130860 55.358648 12.843111 54.172456 76.430601 69.076747 72.837752 84.133047 24.162371 96.974915 57.357025 99.518174 1.928157 6.542319 
56.758046 32.501656 55.343658 60.871589 68.775624 11.961465 36.349443 25.075823 49.337378 13.334423 11.642393 73.711836 74.794781 75.842959 92.560315 61.246890 76.488805 47.311074 57.207125 80.125386 67.316759 92.790258 25.870463 4.892515 28.505433 90.830290 84.676772 62.521476 98.462814 64.509398 9.471887 93.995112 75.884813 96.005344 61.798102 40.695143 63.278538 22.379862 38.335413 3.284581 3.952986 37.842026 10.949731 32.133132 61.534679 13.336837 52.216637 5.066905 59.466636 55.721885 17.749234 11.356571 69.892645 85.662735 33.563903 8.505809 57.137090 3.087970 99.514318 37.085122 89.659995 15.542597 24.428645 72.228253 40.221024 94.721365 82.009268 29.767805 7.494373 57.924962 44.808567 97.556782 36.861691 34.456107 3.801135 85.683358 80.234492 1.139168 46.004784 2.411546 30.848935 78.035361 40.344140 63.949221 94.584459 80.992532 41.443852 46.805391 58.208382 8.318041 1.310997 33.928779 41.006145 90.254641 9.795010 24.735440 28.536940 20.331910 18.425165 71.760434 
77.653241 18.000481 34.078017 49.254182 15.055725 41.568264 37.835163 95.600003 49.288803 96.932971 52.502471 9.011317 53.203291 87.686098 40.205851 39.742169 46.640459 86.173350 15.521373 67.713690 63.997591 7.482824 63.818479 97.202152 76.597834 79.749781 54.540706 65.645498 3.929855 49.072611 63.400173 66.676819 37.286472 73.755455 7.907222 96.687680 29.861501 82.269436 2.428399 14.108717 25.201628 63.770342 88.173926 39.208117 70.823300 27.238503 97.503006 33.024830 48.300827 92.001587 70.683038 69.777989 58.650964 46.752176 63.832819 38.194847 40.785450 81.072938 92.862946 47.526792 82.778943 65.712935 37.307867 33.323902 74.815440 23.126352 84.602487 14.011312 88.117707 94.320381 42.661652 14.402977 70.830715 51.854646 21.088494 34.328011 50.891393 31.616005 70.223266 42.384124 49.991772 11.703750 4.937727 88.373888 99.911338 9.892946 70.750028 95.756954 87.077343 8.895844 12.447633 7.364611 77.026552 85.303253 91.792321 53.504866 56.248659 71.251196 18.815647 34.572554 
60.899818 43.214044 98.447597 8.783566 25.398088 65.652925 28.689224 79.799622 92.280751 62.564796 26.541337 80.248791 41.429836 11.252808 25.937304 28.254339 70.695460 78.554213 60.687470 74.327052 14.752010 37.020054 96.039939 43.255076 88.050127 58.448887 50.471061 67.132056 88.449150 64.896792 20.435873 65.702802 66.959894 94.980955 44.933078 90.219921 26.189697 70.257616 19.705646 92.779499 45.021853 82.299221 2.962280 87.041855 12.461548 41.227481 10.289176 30.177894 99.844378 84.432870 63.279003 30.246145 46.966276 62.193918 93.200582 22.192350 86.827910 16.676888 88.461602 74.154341 12.046350 63.004988 24.862200 58.991265 66.177523 45.645955 71.556967 57.908672 71.010864 79.576385 40.270022 18.240897 74.767506 17.508858 71.380848 97.884250 40.542996 6.139952 94.170028 15.674938 48.675746 93.234527 92.744058 49.428892 51.391292 33.458981 45.082375 99.480689 71.980566 77.359563 82.132441 99.923086 7.297458 48.380366 28.798676 19.354847 96.925092 20.004386 13.719389 81.780124 
78.547668 50.706637 26.405391 95.401329 10.176186 31.159481 97.393280 88.876307 44.128624 69.798404 1.742557 87.155020 14.386673 96.813095 37.662402 91.987270 30.044094 51.098394 10.688369 39.415899 63.030660 56.300980 50.561780 91.850442 30.413407 58.116722 67.701948 66.637689 79.617882 37.727091 79.230398 25.341839 20.260388 16.340241 30.420816 82.674950 17.907804 76.461488 88.197470 34.863955 58.472651 49.817815 88.002288 54.498410 54.798293 94.938618 33.352539 56.137931 10.250936 87.478012 42.989618 26.495281 6.175478 91.263306 62.376851 67.719311 58.424300 37.204328 93.151826 2.773837 19.870657 66.124666 57.244259 4.227460 50.925553 5.800718 92.665499 29.089093 0.380388 93.183392 33.226362 35.460308 81.410271 62.425709 88.937885 79.072827 76.980656 13.899516 9.165324 41.604307 43.590665 28.325835 72.302973 96.088755 63.741106 96.761680 73.567057 41.566402 6.510121 15.602963 38.986719 49.779952 51.634729 24.868038 57.126892 31.656829 56.341493 31.426167 79.575306 22.144149 
76.723558 92.841303 83.803326 82.458997 88.408709 85.211843 55.455685 43.694112 66.927940 57.864279 24.916820 77.002466 80.420911 34.244528 47.811216 63.108850 70.481426 81.333417 70.737469 84.615594 34.321257 37.392601 57.458574 6.280258 52.305961 6.238097 43.687701 59.208924 24.363391 75.504255 0.046723 85.272062 67.587584 44.531485 40.691763 6.470054 42.190847 1.543728 45.437002 59.683508 0.692146 32.898477 24.699271 20.643273 51.482362 64.036971 69.388610 14.405343 10.600412 61.125100 29.533228 64.973378 7.608301 72.721332 27.440557 93.442893 94.678032 53.654474 70.744491 2.668550 50.317609 88.072592 36.048508 67.289382 32.672530 27.229077 39.076945 66.194564 32.005763 20.841114 76.602995 66.552824 53.302783 59.834498 38.408032 23.779474 61.631656 43.219715 93.747729 18.122227 80.285394 56.579328 28.785744 2.019704 45.163471 62.449157 83.015931 48.704082 69.527012 40.532205 24.763845 5.929811 62.333065 31.868419 12.507503 13.600907 90.448123 61.577868 39.253718 37.218946 
38.834864 97.557890 55.463403 73.470968 26.530927 5.316916 61.404377 23.333234 61.648601 28.070599 82.546329 56.110436 48.081917 12.782353 33.019099 51.984829 9.058025 38.224909 46.064460 5.367027 3.629711 4.558914 21.670234 11.637382 89.479750 86.196107 98.002297 24.650478 0.577518 6.350029 24.924603 7.805356 84.627926 41.554907 13.331066 55.224448 57.258445 42.708671 4.636959 33.375984 50.160408 45.963898 15.226585 13.206369 59.446412 15.890759 75.988930 45.979944 84.919357 39.616889 41.046596 70.111775 68.606538 70.061219 18.871799 78.327811 55.543524 19.959448 58.445799 98.534495 69.216156 15.970534 16.756338 23.771681 30.646408 74.182236 80.833346 66.054302 74.693167 68.053269 71.270931 50.572312 68.796825 68.265533 38.846228 88.534606 1.108339 27.861574 69.455087 31.614077 37.781397 91.944712 14.810209 15.176901 78.185207 58.754718 90.568209 79.868585 51.288557 6.764697 94.265729 24.150348 94.894928 99.052054 67.856967 72.061843 43.365443 42.983383 21.693152 96.808231 
55.954325 24.325277 34.919846 97.856098 67.453063 83.614719 12.532920 40.770403 28.155205 4.547532 30.374205 99.250692 6.392000 30.346569 34.801853 14.738654 12.545696 55.507976 22.524942 76.696324 35.098881 6.880637 42.858714 26.412877 21.243870 45.733076 35.816652 70.459521 13.116831 54.573351 14.295900 71.184498 97.853386 21.868375 41.767675 89.333797 33.077013 25.380898 76.766765 19.007063 51.707292 44.476205 11.574163 26.951513 74.079543 54.887265 90.250206 35.231626 37.920243 25.511321 68.795049 38.400891 3.800451 74.185640 38.069934 41.360331 43.095976 14.063063 57.908297 64.789683 20.188588 9.599408 37.251031 78.090489 66.851646 75.615418 68.320811 67.829996 18.756968 48.368633 31.600779 14.322120 11.863872 96.090364 90.745211 54.745889 14.170761 67.981589 66.586089 12.379469 61.730504 4.599033 95.953429 89.236194 92.695063 25.907013 19.171716 19.036330 43.600863 99.691236 10.558378 54.663008 21.164688 14.915334 82.014978 25.778574 60.464197 21.775520 81.166947 72.918463 
40.575892 58.989978 44.601789 22.271602 18.804738 51.224983 38.290766 52.891517 47.672039 23.989435 90.435898 56.133330 32.853621 70.829731 35.276833 97.745651 11.134538 38.181952 24.053720 70.874780 92.478061 78.748500 26.056907 38.445544 54.273349 72.152025 59.096813 40.105510 53.321600 76.127821 80.270493 6.149600 56.333184 91.799045 66.512156 69.832999 83.179963 5.665529 20.543718 78.278965 34.540951 29.753876 73.376364 36.530447 67.200422 37.510425 37.721744 89.356291 11.151695 26.542962 7.550298 97.849995 64.858752 81.057507 33.485329 87.921047 88.993418 12.365794 31.909171 97.450209 45.667168 28.112260 82.768452 89.400488 54.016578 56.625491 4.643470 42.801932 72.052890 92.897230 23.776099 4.889695 81.101900 79.601288 58.800769 64.537430 80.582529 50.613731 64.935935 78.291512 45.484298 54.603916 28.064954 87.671167 89.273667 22.563608 26.558113 62.183571 19.248569 10.697965 0.694674 75.384706 90.735984 99.695343 79.588521 44.261989 11.227513 0.808925 95.602405 89.593822 
3.388133 44.351241 11.325710 51.199239 5.599767 15.274894 25.147569 55.200875 61.118156 12.870237 10.088203 52.433532 50.394827 85.892797 0.227810 28.810892 24.638948 6.800529 96.484500 14.949715 59.863997 34.213218 21.581016 12.155903 4.267145 17.898135 13.951625 84.949350 43.711767 63.673335 57.793295 31.873700 1.269487 36.271355 12.649265 96.184069 65.600103 40.934768 90.645200 73.857778 27.720562 99.480987 76.992571 14.159088 71.780771 19.467570 91.436297 69.843292 56.170899 64.319527 18.343389 97.334945 8.449814 16.024797 28.755322 90.686214 63.236475 15.405144 14.241749 61.077929 36.776024 94.645214 2.146668 79.043400 82.384640 38.686243 99.663353 42.002261 31.978443 61.690724 36.032221 93.555075 80.148214 51.040512 37.927803 52.575558 37.400669 93.048859 72.152281 63.391924 28.043643 29.522419 83.320218 62.930381 70.951056 74.418563 52.755660 64.379680 29.294288 49.120092 61.370522 54.325664 51.453221 74.286264 29.219976 0.158344 61.295038 85.709560 20.530376 54.024529 
90.220833 41.533294 50.091267 83.939809 76.363134 35.190800 51.784015 33.932370 1.319276 73.065192 6.649974 66.112095 45.975333 7.405429 63.055563 74.814510 7.475179 35.333759 54.487985 79.583889 66.399008 68.080837 34.579471 77.169925 94.902259 22.235192 6.873447 22.030529 67.116851 32.916629 29.806364 55.545139 47.165474 10.104942 33.755508 28.804749 21.441226 62.679851 60.266566 0.175186 44.348204 60.278213 95.976073 69.885749 69.789422 50.841546 93.908054 12.608898 17.754464 99.281132 18.019760 58.094400 92.605984 28.757793 32.219976 21.124370 37.289500 24.626854 3.530153 31.281948 55.719006 69.312614 37.139532 4.114111 45.861274 90.408283 91.997546 2.711801 77.241743 1.988232 16.221435 33.652619 99.557507 62.998092 8.893408 71.507895 33.194834 5.586153 86.463165 86.373419 78.001183 65.861243 29.917255 19.316715 56.033885 61.532468 76.171756 18.722084 62.073398 67.585170 3.941587 46.261117 10.587554 45.011652 10.820337 57.408947 72.190434 4.611052 97.948885 26.933053 
63.818789 2.351905 28.462431 68.051785 46.327510 26.487717 79.074460 4.430082 56.383872 43.711859 65.211999 18.122442 83.880043 71.885425 78.310227 60.025299 45.155615 30.403438 90.608156 51.268542 70.366216 44.979310 67.268038 73.869503 24.716537 10.838784 67.436481 4.899706 49.360228 97.354794 42.062110 37.858638 90.142930 32.264677 72.435468 22.952995 70.983738 23.704462 0.878700 68.312615 30.153206 84.910625 92.903769 33.670062 92.741907 13.233499 15.428688 9.964893 79.952258 57.561105 29.535636 5.418492 68.589866 89.905369 39.592311 27.972391 31.961137 70.822150 7.828324 70.634633 56.265253 50.108641 75.976080 30.005023 94.425315 6.266659 23.736061 31.981596 14.692464 36.241084 3.918044 50.571626 57.325715 73.329455 48.125485 45.036244 24.168465 99.382174 16.161099 19.598563 93.039364 12.567134 15.815231 6.600361 32.277408 86.412317 31.849724 98.295212 47.636315 23.533167 21.946420 53.482819 85.702163 96.287549 4.791533 31.291518 16.554023 23.474073 28.752768 47.785190 
25.696987 89.270997 77.678597 44.189331 90.100247 14.876975 37.314683 47.865164 69.806254 33.698273 66.878229 22.361010 21.497376 6.392066 31.452435 21.091317 81.770682 19.809337 35.518619 61.457968 24.100594 58.683372 91.462779 14.964911 15.256427 14.777243 61.136484 20.855869 24.588549 59.754151 87.981319 2.049611 47.815949 42.661548 12.636565 82.751930 11.733430 3.753719 88.762528 31.803036 13.646127 50.456667 25.185329 89.805156 55.284864 72.662550 39.495268 96.985996 43.601918 17.416394 17.340966 49.596715 71.983469 26.154625 80.780178 72.425377 53.274959 92.275459 73.637676 28.423560 14.775349 29.305854 43.517712 2.182650 83.802605 70.350039 73.142898 12.657343 31.971574 46.224388 93.274850 70.434070 85.426879 69.603354 23.572311 79.830235 6.800353 93.525350 80.512017 65.491676 18.598339 82.288551 23.687553 16.697754 39.148688 71.980578 77.565396 41.576269 72.343057 69.795930 60.158712 87.425280 56.628257 51.067144 85.499859 96.142554 67.884761 39.198256 5.095237 35.651898 
1.442333 41.291270 82.388282 99.855578 72.707921 2.079472 49.679530 63.864893 77.240723 84.866482 51.002312 95.889252 10.663897 28.112802 91.881478 52.001005 80.853742 8.839104 58.814710 98.878491 50.804007 62.973553 96.511054 61.297727 30.920929 88.024920 34.849784 20.302927 31.310377 33.518848 51.278758 42.059538 94.668037 85.705286 48.733613 65.817440 93.676615 22.818069 3.285420 18.052191 3.167367 33.937666 90.345794 41.712877 68.311006 3.092750 79.854345 11.941749 4.973924 96.741831 39.950851 53.963667 67.319846 44.699436 63.404101 32.752505 71.370429 22.809149 53.376013 90.642983 36.583915 65.850753 53.573501 9.874274 56.914186 56.759965 64.778388 30.335739 52.780855 87.784690 97.325277 45.929778 41.777551 55.316216 99.641734 78.614545 74.629611 99.854827 60.026860 71.401346 42.375979 13.056137 34.485945 5.296877 24.610661 31.388509 46.697518 45.213512 3.465321 41.653341 67.703438 91.648418 34.927452 25.655231 87.456989 89.602435 48.132136 56.820279 78.396511 10.199083 
15.995362 34.050521 87.097687 50.820524 40.566263 97.164923 50.910133 46.585107 55.891967 76.333737 41.090977 16.066508 29.807827 80.135590 38.895819 22.027278 12.470011 83.464700 91.204667 76.863998 53.206968 49.482325 49.427250 23.805690 2.217112 63.003236 95.360702 27.298859 11.915510 63.973671 5.455540 91.255808 36.330041 99.026150 32.468221 93.369651 63.686413 77.494347 47.508675 78.313613 16.909696 1.261175 96.566749 97.362012 63.380224 31.420204 79.363340 59.689647 3.936044 53.092104 18.988603 41.453579 10.324854 29.831174 72.556788 61.977327 52.926928 42.869771 12.239059 1.870427 36.261147 41.088989 82.637739 92.453331 63.122898 6.587334 13.326120 72.097445 41.795462 56.339508 98.125750 99.440533 97.058743 66.277236 21.522839 34.361416 12.321468 86.924911 46.934649 30.652747 80.704600 2.206427 83.413106 24.043737 3.091514 59.068286 60.730219 92.798704 67.856455 63.445008 20.260696 21.523646 47.897905 20.079841 81.890178 28.202823 4.866574 92.513275 70.574629 47.827399 
35.107273 47.924334 64.261514 43.287349 30.461341 63.778824 30.688980 89.715087 41.498345 62.680775 75.789386 92.224187 11.944246 46.949872 86.514759 53.535914 78.081220 11.120985 10.399387 82.498705 55.774957 9.713493 54.687238 28.418422 28.412929 36.121252 89.908355 89.706904 3.891207 99.520749 45.211893 76.279646 31.992447 97.056258 24.550167 14.651576 49.025601 73.278105 85.121924 44.136822 7.576937 45.580146 65.489066 74.769104 44.367391 82.762194 84.228957 36.065730 56.745303 18.305670 63.388860 76.611096 2.640080 71.824348 51.858419 84.496957 40.333769 89.651281 69.119835 97.104055 27.815837 0.767880 5.753346 96.488172 76.747507 95.392954 69.397801 68.887699 95.539236 27.898309 86.892223 97.642487 77.299476 72.287405 34.427404 21.408778 17.343138 86.111420 74.687827 78.345859 58.835679 51.248246 29.254693 83.636868 84.860694 53.734630 17.950651 96.598589 32.543233 54.101473 83.441478 0.954505 42.364922 27.223694 48.629159 10.284549 52.418220 92.996502 92.193669 99.028265 
68.082112 56.074595 45.705059 64.919668 4.822520 52.091002 93.435782 75.155282 34.861508 17.384994 89.583844 35.621300 87.170827 80.078602 81.106317 53.821874 84.260845 72.049934 43.243614 95.433003 42.483559 21.204923 91.140246 94.139028 94.674319 91.272831 22.496539 99.326932 87.711090 60.253352 78.062046 88.766921 5.673789 59.367073 82.411265 86.185515 19.928920 45.356855 12.681615 39.898375 71.971762 29.438832 78.475195 32.652003 82.209063 87.763107 34.489319 61.995012 50.116867 14.145152 37.578240 77.464944 53.290677 56.375510 3.144788 54.460502 17.612094 6.455605 99.364436 18.052347 5.786853 59.635359 91.447127 51.912034 85.505366 88.732415 25.687391 27.962485 65.480959 38.454103 98.096186 2.623396 91.421193 15.984829 57.013351 23.407215 5.069280 99.392074 82.594323 62.739879 69.139564 28.677577 84.055865 26.969060 68.972439 19.821826 45.427322 97.012419 87.765592 76.276654 81.707239 53.613663 84.794533 41.688955 66.248506 38.610029 18.758282 70.444471 60.239798 50.254434 
26.290989 72.636932 8.922086 53.494847 87.877631 59.353536 54.837668 56.689447 79.491198 8.550812 13.505591 88.470161 18.030402 36.974680 33.445561 19.562414 85.500228 2.379386 90.348136 81.079513 3.385367 97.863394 90.017921 31.145933 69.681156 31.161389 29.476699 14.885023 72.586429 60.149211 27.755603 88.443452 69.086385 34.833422 45.348489 72.044891 58.460557 46.574047 70.028222 64.325798 23.657361 9.273538 60.346866 49.794999 4.532111 71.185201 9.705640 22.694738 30.467609 69.093579 55.781353 17.172673 21.133560 91.734290 78.184295 43.397817 87.120312 31.105372 87.999696 10.891447 52.550316 13.204412 26.547489 83.644521 13.456553 64.285392 44.560170 22.781239 84.297878 94.387949 78.234965 95.003837 29.538864 59.666187 9.614603 92.635638 27.116725 50.801790 25.665250 55.874974 90.726823 45.742047 86.604178 56.408554 58.617431 83.205068 27.552226 70.243806 87.656146 36.822391 73.900366 43.482727 14.203180 12.854983 53.704172 6.031751 75.645041 66.221118 78.297424 44.825968 
90.056378 77.540642 25.525695 10.371590 15.307507 73.280644 27.807721 64.387137 54.564720 69.264668 31.278637 0.067258 30.408686 78.814465 34.756029 44.589481 15.426141 67.140567 31.483093 36.359119 87.743777 9.648820 67.714119 71.174371 27.634552 53.898931 79.373127 24.154538 65.323645 94.453776 84.590870 18.734007 62.458193 34.805229 71.490002 32.508859 76.380807 32.226560 31.764969 73.846704 41.506192 94.580144 8.440521 59.840208 34.347579 79.755425 49.473783 5.861899 20.927548 29.307830 76.713258 19.711059 83.776695 34.884596 5.380380 28.046155 71.711248 50.920981 28.980207 70.352203 9.488555 74.145478 63.087845 17.437039 64.325392 16.895378 60.624582 17.348491 76.081014 93.638986 90.448213 63.157231 83.579361 18.372965 94.431484 9.986400 41.427207 67.074519 21.430792 87.331611 82.430774 14.052470 79.872489 16.877444 59.198231 44.668388 41.580933 50.728059 86.513078 25.263155 97.821558 86.894554 36.797813 60.853559 65.714347 61.037421 55.897552 70.152336 50.326341 34.866321 
98.264259 27.394071 12.141927 69.364148 3.263469 49.129665 22.294760 8.017907 56.967133 46.568847 82.602197 95.155787 83.284718 66.244859 77.367908 22.412282 83.237761 77.092481 93.344963 48.762053 43.810591 24.626119 91.189533 22.497605 17.246968 69.784600 69.759578 49.269110 65.910423 56.522727 77.424818 78.953481 71.165955 86.252755 50.063688 20.348738 1.251367 31.733239 40.544596 33.007878 63.396722 8.746033 94.578636 83.160567 79.630727 53.596354 93.964303 58.020216 45.794141 62.112713 28.385875 81.392765 68.187881 33.716193 68.061179 4.215902 56.671941 85.283887 66.326493 49.354699 4.440923 38.595051 67.034072 41.641751 72.898847 10.871302 13.973758 56.951553 84.704012 20.287380 69.998866 70.925653 47.418115 56.264800 42.484978 45.016652 94.860673 23.331808 37.700695 35.592660 5.820942 32.571763 33.612159 19.568108 81.197941 93.837684 29.985806 71.432620 68.057549 43.210137 32.767141 17.357911 34.413162 82.015795 39.479414 30.516121 84.452558 94.087893 35.244274 50.527477 
15.295126 65.175140 98.559660 92.188370 9.961837 28.591707 40.826419 69.608730 13.927744 83.594352 70.245093 9.298404 78.267944 49.297833 48.692536 75.444794 0.692936 46.181390 70.633310 33.996102 72.486264 76.592308 86.919647 58.527982 79.797882 62.985086 90.316218 44.699296 61.074972 87.106752 3.226544 28.529888 1.846159 28.389129 36.106130 35.711011 94.963127 45.268440 26.695928 78.447640 69.491380 41.675648 42.598262 49.007156 63.268578 54.949564 37.279886 63.066328 55.815732 95.055348 95.180696 1.953993 40.760243 57.397133 73.624486 6.772956 33.077347 30.975971 13.131508 1.251900 40.686604 19.774231 45.496470 59.147644 94.465631 83.887798 2.201515 0.866822 68.684632 82.637256 84.396863 58.123785 86.468667 78.880316 41.503257 45.209056 28.611577 74.786204 31.720367 24.191661 89.238667 34.309432 38.634127 23.790891 53.517795 73.555630 49.476779 56.191713 14.135540 76.013803 63.981628 39.261410 66.512132 69.402546 48.601615 47.372809 94.786465 76.080906 91.785705 42.299983 
35.816935 75.228125 59.091145 44.896165 69.821280 86.262250 9.685616 86.153036 74.039662 84.633869 41.458511 93.196714 57.162267 26.192451 16.494237 18.650438 57.901961 58.271229 64.584404 70.043272 17.225528 9.435862 88.533884 88.979816 83.751285 7.887279 61.504632 8.393580 70.893663 9.768461 78.525174 72.545081 65.173882 77.398723 40.316790 4.291686 30.365014 44.769904 47.760737 14.694424 69.172883 88.622993 86.646360 65.350825 51.311034 84.589720 99.372351 51.124102 42.798650 16.928640 19.640224 93.249750 48.550504 88.341910 62.468302 4.750925 48.790640 24.277662 34.670460 6.403345 21.016490 24.165490 49.400631 76.384681 97.329426 15.701860 1.158848 76.763582 65.567833 98.536074 95.775723 2.608376 38.977739 98.859376 29.543290 34.076959 31.442931 61.357468 34.976014 41.864932 23.921102 41.972560 32.795393 92.179823 66.250914 79.110706 13.658144 52.426296 28.807488 67.431319 18.184318 23.821381 65.945405 44.465411 30.144835 44.254336 82.621485 19.259042 86.705965 67.166007 
59.036082 19.417824 55.374229 74.625772 35.340497 67.731637 65.609425 97.608507 6.164701 10.121206 7.116498 6.976572 55.255920 86.217701 60.888344 50.427091 28.112268 82.881933 96.698415 10.293750 7.052405 29.768413 17.710133 54.199821 36.435628 73.573983 57.936686 41.882020 11.138681 7.798289 65.833032 55.776238 31.266531 96.602005 89.915216 5.011234 23.816364 81.611586 45.875496 29.434991 13.892782 95.978022 2.650844 52.739483 92.522919 32.685348 42.648324 90.388024 51.566917 85.156929 32.497436 84.414840 60.205203 68.861639 57.545871 73.430222 41.761968 93.389553 98.178387 84.175575 38.934502 72.166902 9.146179 19.821569 41.123602 64.382720 80.398917 64.569110 13.003390 47.957098 14.960074 33.981147 21.154934 50.986552 30.965871 43.381470 12.395969 39.050856 27.737877 90.500617 43.875781 20.262249 47.611281 2.807122 79.300314 0.374917 1.235290 61.522365 6.332500 30.335370 46.536976 46.937311 75.399232 34.854528 0.075545 69.677365 67.446917 80.343425 31.957033 1.862442 
2.069437 81.019706 98.222852 31.426358 82.793510 10.482634 81.632042 89.775550 57.691348 18.476418 33.154899 34.383419 82.137764 89.412922 62.982202 41.876471 17.867142 93.054312 63.845241 46.964028 24.437949 28.603023 30.997017 66.861486 40.970165 85.554916 21.516801 32.879233 1.283953 79.393601 68.269038 97.715396 2.623239 88.781357 48.288888 91.338176 20.717718 2.680101 44.458526 14.445271 81.670880 42.461878 56.763780 28.805131 27.826759 84.361196 58.648944 12.817822 29.137209 9.078341 79.678446 55.608243 7.726946 66.775346 93.253076 4.426869 2.380357 6.666113 37.367791 40.482143 83.388454 9.707922 61.049426 57.705963 64.096057 62.482870 49.573061 74.417996 43.284971 90.502250 71.293902 36.595452 59.736526 91.814291 22.763140 80.092382 12.639274 28.284967 85.431069 39.957717 69.365042 18.313578 96.296263 51.329339 92.221594 68.364674 5.084155 49.399179 52.006322 70.273143 80.683756 51.862919 60.095769 29.598337 59.261024 0.069152 62.233835 64.076173 28.238204 99.485934 
60.120356 42.775849 33.710468 71.843797 78.648472 44.840872 40.562022 25.909746 65.117985 37.929183 75.765872 97.020715 27.179053 98.358184 5.993099 26.008654 27.424726 27.362773 86.110520 59.471017 29.424372 35.407734 97.796744 69.914991 61.290890 16.013391 37.065625 61.948782 73.201013 89.453971 52.849263 37.519035 82.400006 96.907902 31.137791 32.881698 42.701098 77.368456 31.634092 74.213535 6.843624 20.795406 8.397895 43.419844 57.297403 97.485417 37.452602 65.886253 50.282508 98.070788 75.736433 2.228260 50.367296 23.162627 94.272739 41.938770 64.914042 10.272153 44.072443 25.538343 22.911517 73.866332 71.454966 43.575355 70.976812 7.291915 55.202740 92.508161 84.630924 91.914463 6.382652 73.230642 87.397319 86.774522 19.417307 46.663478 73.067570 46.616894 90.134805 95.674187 96.034122 45.506853 33.691332 50.216800 93.783391 17.443672 75.795591 96.458125 71.668077 25.312462 26.566753 7.433939 42.212498 65.433115 34.358054 55.820560 76.170969 5.432127 97.755349 74.187553 
70.152569 54.215264 95.993251 58.548856 30.644622 44.182196 70.183837 79.733264 77.007478 64.678818 56.917900 19.149436 44.564128 89.282680 74.037504 48.371172 74.270928 71.496856 47.641012 2.474624 91.000307 42.125669 6.122824 6.304428 58.520347 51.517427 53.407186 14.601184 2.116966 79.839998 70.875490 4.331096 92.728645 90.317374 64.070344 30.254409 85.839719 8.168068 80.719209 47.728240 68.518722 94.166851 62.245095 53.349870 51.260436 34.158432 0.775803 38.922149 64.568543 3.546787 10.847685 17.049266 47.026744 78.501970 82.601708 86.956096 71.144080 18.548797 49.624690 42.177647 79.698247 88.448071 46.781099 49.917656 66.063517 29.499534 98.656517 20.104483 96.046770 58.029562 2.867023 86.059409 0.520732 51.945430 46.812573 78.898042 39.395219 15.424034 31.748158 91.297555 37.971091 80.117190 29.647794 90.481704 26.010925 65.611929 39.692459 11.159104 51.059711 60.605878 2.965585 42.592642 54.528010 52.243888 63.060558 58.752322 50.253016 2.414301 77.152866 8.205133 
3.672374 21.589735 58.667886 31.122521 76.211220 82.016271 47.463876 25.367585 53.002256 8.952483 64.379883 32.689369 10.212588 42.959288 16.752893 65.880811 58.781290 37.174490 91.672522 40.075889 55.487818 83.731592 76.846731 62.987977 38.914841 41.748551 67.883676 20.965947 74.663979 77.493310 30.095005 6.734996 95.067811 4.717645 89.463508 13.172434 89.109147 57.425171 44.860357 67.996180 11.813629 51.664251 21.093503 18.507656 58.186883 46.901006 65.177220 33.513007 53.103995 18.891293 5.945891 32.585424 63.230789 19.888219 61.306357 75.923198 41.240966 36.896220 14.757127 23.024808 77.947623 65.701210 40.214846 90.897536 14.865540 45.124099 0.709290 21.030174 54.138654 8.382544 85.414189 56.265920 61.312872 85.473585 54.584277 97.954178 15.843739 85.707211 81.054169 77.421135 16.975681 10.267873 72.145760 53.803968 83.318949 41.558915 80.712974 42.965242 16.840416 36.884481 17.444183 84.386593 85.488164 99.630249 85.562277 45.163262 58.932769 83.087713 55.232823 98.022741 
68.212438 46.401426 68.783748 48.415780 23.993276 54.989356 6.117491 16.672151 8.847861 6.004457 16.906321 44.537997 50.139624 96.668339 4.819082 94.313610 28.868592 94.424713 96.127599 16.531521 45.286694 33.446556 36.285019 42.292157 4.271321 88.085014 44.835693 53.478795 18.094857 20.258451 83.776283 27.991912 60.050362 66.438895 38.540062 42.814994 91.624808 38.158703 33.332410 17.800860 79.054391 67.157394 14.326514 85.715055 12.966840 33.686507 69.120747 12.376430 10.655619 88.993609 15.620781 38.475260 53.703707 98.257035 6.006300 47.894049 55.256373 93.852323 76.000679 43.418893 41.315958 97.322029 91.384679 2.316867 39.583710 83.412308 10.630123 60.476416 27.106580 80.269116 83.030504 93.707007 33.677280 14.022456 75.413680 77.743554 35.869232 54.170090 36.696121 51.726341 64.616972 17.413273 64.898032 41.185924 11.840504 3.350632 14.075725 70.709628 16.710632 55.580670 44.281447 38.266441 44.054505 24.079902 10.926482 41.384429 48.078495 55.294544 35.350072 28.651181 
40.378994 49.759224 3.257205 43.843085 70.738429 0.739482 28.472391 35.477388 68.460363 13.342775 52.021629 27.556422 40.777394 45.664227 78.667605 66.484302 1.656457 40.078124 93.049693 86.192006 29.030073 8.431129 1.994078 14.467414 53.814739 64.288086 89.834154 42.578089 9.965709 93.671095 30.149943 30.104911 73.234743 56.280327 3.463087 4.100074 9.934589 70.630926 93.999439 48.619956 55.593228 55.420452 51.561189 88.876152 41.473919 52.180666 0.417268 13.030270 99.739742 25.857091 80.128580 21.075308 12.703235 3.268090 26.783684 53.382492 99.585259 29.441088 16.375174 17.544864 76.542330 46.891958 13.113211 93.750721 68.375343 84.423059 98.353142 21.282826 0.451127 82.098883 35.929874 73.362941 10.925960 32.611850 7.371767 97.288895 34.417197 49.854764 9.027039 17.448908 63.796067 20.501783 73.471367 33.260822 14.660940 6.420930 16.581674 88.196051 11.074921 36.211810 11.880470 75.061297 55.203575 6.455532 98.123175 56.159145 66.782755 17.724434 94.563276 24.985079 
24.229237 20.788319 89.277422 85.669190 42.051467 59.017491 6.992294 19.486667 12.405875 5.534166 12.721038 2.474882 95.347071 98.213202 69.318771 40.587699 57.444006 61.449516 81.987035 56.064934 83.340770 8.274405 67.929327 88.184142 10.881875 91.667557 56.662446 25.741786 42.207637 83.740687 29.771638 71.906960 40.228936 27.731293 79.872543 17.779042 12.351425 90.401506 78.076130 25.513810 10.611340 44.802943 3.036939 41.840509 13.419425 40.292883 2.480410 88.245291 38.604686 28.932694 71.788615 51.275367 85.095310 96.877038 12.367689 63.748407 19.479933 99.238920 8.578952 86.443692 59.162307 40.924263 14.066656 18.281695 60.441196 35.204533 82.582080 56.997150 51.149744 73.725587 5.927811 28.725073 82.298577 92.132932 78.204399 81.377226 7.039940 20.262769 56.351769 4.208920 39.324141 20.842250 95.686030 95.141655 45.759889 86.451167 84.763014 11.963499 70.519370 19.058855 22.174083 79.810399 73.400933 49.519342 71.589172 99.196804 0.668200 30.430567 46.559122 19.191521 
51.908249 21.959946 80.815363 63.834357 64.081347 15.173513 21.236630 24.039295 28.441256 12.183643 70.485526 50.245380 74.115849 65.038055 94.597858 6.194740 14.990114 38.830489 24.024455 79.021126 8.105750 33.351427 37.461087 8.473311 10.937128 20.314795 30.759919 81.973225 23.991172 19.616516 94.776422 7.297426 47.846606 57.921523 87.071872 16.986094 85.278797 80.702883 73.337299 79.973978 22.691756 80.349886 40.559646 85.979611 59.322876 39.575344 42.792800 18.575439 97.410411 76.726258 38.207635 55.746073 24.269636 99.763417 23.780227 74.275154 42.516461 74.145740 67.410350 65.757430 85.144842 29.363239 7.969805 48.507100 58.822554 30.622113 65.853161 94.043660 91.776764 92.035258 36.592144 4.163044 68.288243 20.491298 97.235620 39.039859 42.894688 31.020251 57.376182 21.446480 50.998080 24.744426 79.554558 73.491919 78.722239 84.706032 54.266346 54.459870 6.992493 22.830874 18.502748 75.688338 93.922406 53.915429 56.607389 0.377712 48.212290 3.941912 51.718444 31.887224 
28.602818 27.557328 56.003594 52.431059 8.821938 70.315957 0.316843 25.175127 18.350539 17.498672 0.187628 53.460181 5.285835 39.019272 96.895599 24.329115 99.445128 74.304223 31.092432 70.492375 65.298486 71.678001 92.198050 72.592223 57.521766 68.300569 27.620074 10.567722 11.694410 47.961107 82.341981 21.721946 80.736905 45.162359 43.773094 94.392079 47.723728 92.717206 98.073566 22.457510 43.362138 87.459207 26.855171 54.849917 62.593395 7.159456 28.972441 39.826366 61.719239 15.263508 33.782667 85.281652 28.703570 20.899539 58.536065 15.680869 48.370385 61.041236 20.019777 72.404373 0.291620 1.262183 13.517100 81.903577 53.387034 75.875926 46.646130 81.495398 93.165839 38.295898 39.144364 99.327612 99.124283 81.809801 77.303398 38.254306 40.136108 67.548496 87.575096 74.602121 37.877551 8.007006 73.761219 4.793761 68.735999 45.947614 41.577584 94.443941 19.355865 14.028056 69.532818 38.029984 69.913417 34.791589 42.216519 33.005205 18.467104 76.611859 15.544981 64.483219 
69.474190 52.699482 20.231538 31.453618 40.987512 77.135694 19.659421 15.883997 62.328917 62.144077 55.506712 1.346004 22.287829 91.536486 53.758639 21.437553 0.958756 13.807933 69.922757 91.812819 98.013812 18.144935 61.928898 38.972786 15.596199 25.322792 0.175190 44.419426 57.272089 71.984506 43.601951 17.971285 43.370146 22.014058 90.277821 99.351758 4.986487 7.888664 84.783387 54.390633 43.363997 18.720855 41.396129 44.748896 94.680351 92.612576 39.546311 54.841369 18.944299 96.826982 71.086210 45.979977 85.460156 28.878048 53.374356 62.835890 82.822645 0.140992 69.654781 87.879747 94.925165 7.238558 58.439350 90.205801 88.921577 4.903371 10.955320 26.055041 7.068848 6.126903 74.854815 84.852916 22.974002 24.047692 69.556952 43.734095 38.928962 79.044068 93.620181 74.334902 46.663898 80.131650 72.624475 99.498618 73.283261 71.742612 78.068435 96.161926 93.510246 26.719299 71.251547 24.770731 21.675551 0.989475 30.099425 81.038547 14.828444 21.646565 13.815989 5.324426 
87.624145 99.011511 86.482304 8.073194 86.167693 20.387942 60.129917 3.503647 85.804230 11.664117 38.812742 25.765437 39.683887 67.079562 6.148892 44.426927 83.361942 64.135504 25.387302 84.381688 3.055368 51.569074 21.385191 20.918751 81.451279 51.665878 48.403618 19.619383 42.958680 6.536351 56.452167 91.593701 15.292278 17.320804 10.754058 43.445811 93.730193 23.318550 14.881615 15.302886 95.616454 25.720862 90.532863 85.845590 6.860932 11.689030 57.522714 84.277314 48.860788 3.272450 0.073719 38.999560 65.624952 58.601487 15.169920 60.845232 25.850868 75.533068 84.305668 25.374758 73.579997 59.039289 73.336810 71.811861 41.932502 59.559369 14.337063 63.027716 6.787454 76.745093 54.779577 80.353791 6.189231 22.409643 38.873208 41.986614 69.015568 44.624230 99.448597 32.582501 14.078060 9.963565 57.640845 69.634670 49.883121 85.622406 55.749452 81.056988 24.800406 20.437542 93.767375 48.314399 20.105815 18.441141 40.256557 91.935951 67.546898 60.693866 81.761187 60.277408 
82.398891 78.130877 45.676479 84.592688 49.304587 62.212455 4.754255 4.770311 74.614912 52.858526 93.201953 45.235530 73.537540 45.427027 92.045027 0.731456 93.578655 76.468509 6.248075 11.398969 82.471043 90.812707 89.181244 69.177228 61.675888 86.668444 36.549258 83.372438 40.537170 8.209376 74.980772 1.838843 5.439999 30.069515 78.341454 84.850663 85.075593 65.462387 26.344758 76.335269 66.858518 91.080189 84.770620 39.829937 21.748275 23.252346 2.164435 77.658516 6.691245 59.754592 95.446897 75.945723 19.732791 49.022388 19.304332 47.919771 87.592834 72.807139 69.604057 35.356474 36.277846 21.733981 83.028984 68.141389 52.338529 53.676975 48.892739 40.285820 83.791173 78.226763 57.212001 62.087035 96.803087 69.526947 39.377034 9.786315 78.584254 65.573597 95.424175 94.131601 69.815552 90.015912 97.428370 78.582275 32.312310 72.978348 47.072804 52.619892 82.533634 42.782393 43.667826 25.152090 31.183180 95.734346 7.140768 14.893982 23.157950 15.655296 18.549314 58.331525 
77.966958 90.619189 36.719838 50.332719 42.012447 3.199054 66.497052 15.908012 65.951216 42.107975 8.743489 51.814574 47.532374 76.589721 43.410513 0.502358 43.130201 89.306682 77.413273 84.894741 25.940055 74.486268 90.717578 90.313482 98.746771 36.951894 50.457489 38.976955 85.695422 82.983631 5.925027 81.921035 46.864140 45.624611 12.820460 73.467332 65.417939 79.344422 41.685483 7.913096 95.398545 63.368237 29.956153 73.082298 94.167304 69.835109 18.696810 37.301901 33.056372 78.442645 85.541052 88.437349 66.549206 92.502064 82.219750 67.341495 8.499601 52.794373 14.988887 18.237746 21.796294 30.297369 7.878634 16.196349 12.050019 24.679127 82.094103 55.611759 66.812122 11.306933 35.632986 83.597827 28.639200 39.043298 0.697903 29.662141 31.604314 73.725826 9.983436 91.606891 36.976534 64.631295 58.186829 46.027580 85.560060 7.959050 67.749274 62.067598 70.100695 82.406253 1.928388 10.409328 49.579167 77.091354 74.373841 1.163593 56.509590 56.706339 63.406044 65.429944 
81.097263 1.710910 55.271834 53.689349 56.874591 91.236830 17.425844 76.157564 80.162609 92.984110 83.956683 59.945363 1.713938 6.149494 54.542512 95.953113 84.014440 30.682814 86.036044 7.803697 56.735528 54.031742 11.523295 72.019285 28.101033 94.064516 42.329234 27.411535 5.699646 93.952054 52.172619 65.197957 82.049406 4.346050 44.067797 47.460917 75.629443 4.051051 86.008871 51.061481 90.342164 80.791634 65.014321 95.704252 1.362438 98.489010 4.771627 96.744758 89.108276 42.810991 24.348556 26.178047 74.422288 15.401833 58.604872 72.095799 14.101072 96.722388 13.132629 20.083711 46.912435 57.300496 49.443904 3.674306 54.059774 82.643330 86.483246 23.878546 26.730847 65.336114 4.071336 26.939601 73.881018 18.266562 6.108458 64.857024 51.987237 49.525049 67.512286 78.943402 1.739151 29.907474 54.927742 70.562834 49.542421 59.475774 9.283861 33.844170 18.943892 89.996129 64.904720 53.654766 75.625014 29.633236 45.796531 2.294859 69.697762 10.237978 69.695204 67.266512 
48.315623 40.684471 83.901286 28.890735 66.592830 25.720948 91.978395 80.875063 67.163944 24.368396 59.631467 26.039031 38.001403 89.585656 66.119879 76.777440 98.458666 94.805408 94.469345 46.314049 0.214860 11.158779 45.596907 47.229752 90.450692 4.800559 82.996297 18.731833 25.918436 11.179946 1.361741 86.772937 92.702776 55.577427 89.860785 90.256584 42.446622 0.387573 13.941136 8.682296 23.339650 69.485795 47.792086 41.599256 58.683169 88.016051 85.723013 46.672532 25.259146 30.445126 91.230208 6.139569 87.732840 25.844190 63.298237 53.501022 91.691291 55.498135 57.194453 67.229354 23.788574 14.573780 41.521829 57.393533 13.135263 64.362174 35.102633 69.971347 8.430273 87.596691 37.552345 42.264026 31.505397 11.224208 45.258921 66.689724 54.137945 96.481764 69.053537 82.812989 37.922272 59.612381 5.245547 61.910760 34.155267 47.592494 87.036604 24.162102 92.440313 44.362575 1.794493 60.041720 21.204962 91.805488 74.851024 21.126705 76.534045 7.711719 10.857768 86.503464 
63.754284 18.256539 37.663078 3.350375 9.758700 14.465688 24.814908 64.167899 69.873291 60.379261 94.244200 62.302077 11.029023 64.783025 8.332554 45.223707 74.865156 58.675015 50.941104 67.132580 97.256947 97.523570 78.665471 30.561265 43.208879 11.649250 88.944167 84.572285 6.364827 73.642707 12.943652 43.964624 13.422368 89.752406 68.686360 11.639435 23.978388 4.766244 6.262536 54.431999 38.560030 78.443360 97.592878 43.477312 23.184854 67.840213 90.488642 42.592523 52.504110 36.571875 63.524234 51.828206 76.645422 79.568714 11.415112 53.789353 37.621826 10.006844 85.030645 10.048705 88.572717 41.668490 22.285053 44.897589 93.771535 18.201528 13.092597 47.286746 48.339593 43.535870 7.393051 55.003273 40.023407 73.392606 9.551772 36.632240 78.054136 55.843866 67.879963 58.574915 68.570679 67.425305 17.108324 39.595070 74.330324 69.741642 47.827104 30.154747 10.811996 17.213631 9.483867 95.353508 6.405715 60.855842 4.122255 82.732731 89.016223 95.674753 5.543944 77.073228 
69.718331 55.992103 59.253567 74.750978 39.708751 84.975588 84.730804 70.650321 19.941112 50.267637 48.204559 74.004614 95.590794 94.525480 89.787561 59.498191 86.112583 94.190359 57.360131 51.738054 61.511987 31.933600 8.033280 15.339842 16.722596 56.664354 57.825989 81.370127 87.759030 65.987456 51.196730 63.413286 87.135464 85.779339 93.394768 85.878336 57.168174 25.493422 67.950195 38.978449 10.775807 8.979517 18.740533 72.133797 52.753150 22.233117 71.997583 63.339007 38.680086 96.198756 12.443007 29.619023 6.946698 53.153634 53.111815 50.321859 59.483516 39.442644 12.491220 39.936253 8.610120 10.276676 20.090750 65.228355 92.966527 88.462716 92.908674 16.048077 20.038566 88.173330 29.122275 58.075720 78.659791 35.077995 55.885977 75.597405 65.604675 17.722407 60.499787 19.915965 27.624914 91.954136 73.153311 87.706614 85.063857 68.223792 37.315530 62.126374 57.963806 97.716379 19.148618 30.821022 8.926703 31.091732 58.739513 35.002032 79.165661 37.294939 16.031803 46.511656 
21.400397 76.474750 11.155076 83.372575 42.891341 74.776047 61.061686 63.798523 61.825013 92.992765 29.362014 87.357497 17.434467 21.085486 83.769667 16.779986 21.234627 90.371037 66.030443 73.648089 3.483005 38.866758 33.592182 83.803564 86.472362 40.986472 59.621066 51.243335 46.733457 49.198687 82.343471 46.743631 20.199378 90.937948 94.109869 4.526813 82.138342 99.059707 96.459866 0.996610 50.019753 81.951147 52.938306 34.157977 93.087959 29.352856 33.460554 71.522200 73.590374 33.440536 35.100237 29.690591 9.742258 38.124415 57.053363 95.846516 92.365205 81.993473 64.334142 63.948160 76.741117 87.989342 36.869779 70.369619 2.183808 3.269131 44.290489 90.260792 13.130477 83.921188 63.408542 7.348762 10.644338 99.377120 31.243429 8.289652 24.172482 66.905737 84.735864 55.636865 88.782561 68.461353 29.987115 93.435675 73.395133 52.012956 81.748033 39.169171 16.269605 43.249822 99.744415 4.431491 80.060202 71.828550 22.432707 26.501536 11.326662 67.215902 97.683203 61.566764 
52.642548 63.352239 61.092979 89.677322 6.731275 32.528079 99.406374 22.894379 85.833246 99.391711 76.463145 16.036648 27.930158 22.164229 14.202079 94.342488 14.220099 97.202629 84.622991 58.597744 52.238083 65.490776 3.455097 69.822276 2.949638 74.557495 87.821019 7.850951 50.937480 6.235600 1.727406 32.511571 21.988975 68.686962 21.780062 57.490486 42.582211 79.238468 60.941511 43.977755 34.152591 2.606523 7.830355 4.770124 71.482021 98.281932 24.391478 47.587720 6.812403 96.064740 60.085154 51.185292 71.227401 18.902265 90.366459 89.025229 47.042993 51.596862 88.488734 30.189836 0.577443 5.084504 55.264258 26.424757 20.901594 93.092620 7.630637 48.110002 84.833729 0.479847 64.795685 21.090053 60.533047 78.867429 24.916312 68.459982 6.925152 91.035354 31.192222 47.669217 76.529551 32.134819 89.899004 32.588625 17.025340 44.875023 14.488463 7.604977 16.847317 52.863443 75.926679 99.656200 21.793140 77.321458 41.744471 99.330944 55.172044 76.525807 69.257766 15.309064 
99.430108 21.865466 92.889655 96.385503 51.158309 17.711997 85.538954 53.200686 43.965650 30.659947 1.730791 89.408493 88.554996 43.818790 62.374133 22.029747 53.970897 88.893884 39.546672 60.918546 58.036792 24.359666 12.913652 39.739826 7.268342 59.022540 91.827005 36.495024 71.856338 89.504164 96.467692 32.471004 40.168989 20.198169 70.639479 37.702540 66.563165 27.156183 13.952753 3.914207 86.079997 46.490082 58.792973 33.443397 83.169800 34.785366 37.631181 67.234689 13.425547 43.168941 40.397993 69.084477 2.858792 47.715029 46.501061 43.346584 26.025602 12.272479 63.546252 21.856596 43.807492 72.520500 52.057415 28.944027 62.263662 65.348083 5.184764 40.327737 88.284934 4.841586 72.531515 37.172177 52.785641 68.267941 79.323429 88.821101 16.274200 20.478868 88.330257 66.629845 47.831997 12.373886 67.891556 53.365415 12.579776 28.289416 60.241765 83.367020 49.518842 63.194609 11.765241 38.399613 82.299066 0.420275 63.568264 91.852897 71.664631 67.490464 12.234174 19.753030 
89.172834 27.806389 41.993544 85.491508 55.756271 95.656163 93.170851 22.488847 70.054090 99.141651 73.783463 78.642982 52.646244 25.417694 95.214289 66.563922 39.872468 36.550927 11.441710 0.814345 86.697429 23.678915 71.535820 2.561765 55.585569 26.648504 81.410193 61.146885 95.663303 13.163179 33.549100 59.732920 31.234279 54.514015 17.095929 31.293121 43.483779 31.849295 91.105908 17.024127 24.484199 5.935235 53.498530 49.793604 81.103092 99.662620 29.613116 7.659812 38.465691 92.873389 23.018251 67.756259 79.413044 95.081002 26.365119 18.546395 9.260191 36.035296 45.249027 0.392679 99.754143 67.914170 33.455390 84.722286 27.443415 41.493669 84.082115 68.090624 99.094450 80.399364 72.137988 23.198302 93.864197 75.502658 73.176450 76.584035 47.834891 61.033553 90.935558 53.895634 23.909996 55.311304 17.086843 78.563875 23.009500 20.668256 71.376461 24.216199 1.650762 44.363195 12.208260 84.222627 29.646674 71.671027 74.937123 68.220031 74.100381 5.103984 82.655376 88.870806 
51.618594 53.681213 20.152615 5.000643 45.810291 33.542940 56.185359 7.374471 42.738184 0.660503 1.081816 82.073146 3.350008 3.582912 17.997064 76.655167 43.348798 63.246250 79.685330 71.337545 70.153999 78.235179 98.618841 86.843204 73.764509 60.110539 77.822596 64.364892 80.710018 93.277973 22.884832 25.375459 85.351640 5.026435 79.301924 27.475286 77.134293 96.071523 74.144310 43.448356 36.511472 48.329878 80.254328 34.519020 61.166316 22.321087 50.518477 64.047408 44.804156 23.466112 94.928896 69.991952 54.732245 84.800225 37.409362 39.166388 69.503134 39.196771 80.141640 40.568182 29.433048 81.210649 7.328517 70.385891 75.653583 9.816208 81.019163 89.035475 19.216856 77.705783 1.092769 66.172045 53.586721 32.016373 99.185288 7.104087 98.392874 89.049000 46.533751 92.762399 57.675922 59.253764 77.997357 1.583273 10.063236 32.805526 62.500399 44.211602 64.374447 41.289115 46.153757 6.204033 71.187228 43.698692 43.923759 26.624030 70.076573 77.000326 44.502571 54.719627 
72.745532 34.193403 88.522047 90.043682 64.175814 2.884001 71.396309 57.815969 13.024144 96.782291 19.946510 40.994042 86.859828 53.141630 51.380104 45.448458 52.259147 19.507197 57.456410 69.845378 91.287035 61.221153 43.863547 14.611875 81.767356 63.997930 13.243814 88.784331 98.279822 88.959938 49.713239 30.397761 95.187497 16.247942 79.156947 90.840876 62.556058 79.677951 47.346726 56.437784 49.797237 42.173818 15.331057 69.063270 46.369237 27.772665 75.196141 21.567497 84.914923 65.127069 90.686607 69.776189 28.380916 98.048973 9.128165 17.079607 56.941313 12.627977 38.400814 2.461360 68.070090 53.999305 66.322762 86.621654 50.146282 8.574465 11.036626 92.573547 83.644915 20.045573 5.949228 88.680929 60.327303 21.035053 36.126918 85.097355 31.208971 29.182938 77.615279 80.013645 89.279276 16.841617 57.061642 35.015795 10.467745 31.393281 26.845020 84.240550 30.888325 40.059328 77.151603 86.987847 4.728718 75.561261 58.160239 99.141896 77.857089 44.061714 45.216447 52.811360 
0.561363 34.820408 26.595205 85.636055 85.220945 8.466683 99.528760 79.900575 88.998473 97.345293 82.366610 35.599136 14.664607 68.052804 63.509524 4.547808 34.998804 24.929707 93.576884 46.709523 46.962440 97.721857 11.209417 96.669173 18.771151 86.728537 46.476468 30.014890 60.281730 55.072987 11.724018 45.577317 17.987703 19.317751 73.424864 51.651502 6.758207 85.180229 24.151650 16.793109 41.783279 51.548469 75.130963 26.095721 90.786725 52.529323 60.286027 27.297854 95.048118 73.732662 24.865144 8.491485 16.379972 98.187774 41.911355 4.131854 44.072551 27.365017 23.831269 32.148534 20.395754 91.448563 76.050901 87.505341 2.227660 40.289283 41.952837 1.299349 38.163891 20.542425 56.527919 64.720142 51.442432 92.929721 69.824231 35.829780 91.113043 36.900625 88.785189 12.655297 97.569203 45.569047 78.960079 82.049173 0.481389 90.708011 29.552817 94.194299 23.589216 63.962662 20.429996 66.944975 44.226432 13.662305 22.378388 13.557911 67.801100 33.063450 97.389370 23.152807 
29.245135 22.984205 95.529705 67.725402 60.827643 30.239511 35.429558 64.559978 59.511852 15.702257 7.820654 41.728851 36.818084 1.528366 87.248212 80.667776 83.355063 48.506376 46.643940 44.669983 68.411291 88.573372 52.678627 69.645411 30.464852 22.777125 15.151121 44.875923 29.652837 75.223285 77.719605 33.359060 65.725887 54.975629 75.441515 45.596862 46.460420 60.286117 28.797388 97.688329 47.712395 2.230421 86.694175 68.960071 11.936241 12.391106 57.323211 31.231412 6.363063 44.008157 45.108849 44.412133 34.697840 66.607946 79.727328 77.200139 2.727966 48.925543 91.612053 23.815581 68.467194 28.160307 90.296364 10.996216 13.402790 60.697407 41.306552 39.230937 54.371744 25.929591 98.648882 91.770029 78.858131 68.637806 95.598781 28.730497 73.471081 28.442127 26.844782 80.224055 25.695449 63.407981 97.903901 70.841604 34.874293 32.264224 64.787543 84.226424 93.462890 30.795544 80.734301 1.395737 58.154237 98.309302 84.455985 51.772147 34.511784 39.554715 96.092469 26.098484 
37.242490 34.532180 82.357514 82.750928 94.815952 71.670872 72.298074 13.677871 83.985734 48.279500 33.542919 55.833173 88.174003 40.498686 61.404568 26.556131 28.909761 86.342281 54.670650 49.658802 15.474847 85.755312 89.509505 86.244756 15.592574 64.380419 41.726476 96.896559 40.424827 20.060225 52.209848 90.953743 59.592831 76.761091 23.635709 45.374760 13.580468 46.931556 78.673130 59.330869 73.898536 12.696922 97.159743 63.759595 7.545239 12.826666 77.789700 11.518775 96.047151 64.483970 82.080907 33.768624 49.284530 25.086123 22.453536 76.593035 99.127221 31.169927 72.979438 65.460861 0.653135 77.238131 41.267347 80.292124 69.760370 62.508976 88.386625 14.046282 75.852996 61.289012 84.421468 71.630007 85.505211 86.078495 21.223430 2.197728 37.221223 77.083898 49.036103 49.794039 88.395703 66.573608 2.652339 77.852738 70.977509 19.043207 59.191638 33.899435 47.804007 41.921437 73.600924 10.721888 2.769699 50.327885 60.800558 75.032830 76.750231 41.084081 0.158762 68.319207 
40.874416 76.307046 92.517930 48.816410 57.403022 72.634321 65.023196 44.887373 22.064908 44.898561 10.126299 92.717409 1.534388 88.467425 72.035611 2.547541 16.527554 78.602111 65.722686 1.137255 13.843103 61.024952 46.337906 1.183237 86.658716 73.068929 69.438589 54.325032 40.793705 19.818813 94.771147 18.678665 32.317683 63.297778 45.763090 40.280151 88.516080 89.809024 20.261727 38.841051 1.561729 47.976261 37.037084 82.269049 95.858163 88.135570 94.533646 26.984593 30.078119 22.971195 76.867992 20.308691 28.170305 58.338684 98.306775 41.957235 75.274974 46.491200 77.608347 63.439870 33.924887 75.567520 63.346642 67.014539 13.387388 1.834765 36.887264 64.275610 80.203283 76.615119 70.289648 58.157504 53.142411 64.507276 73.780513 29.066065 13.373472 67.943722 30.088606 99.221814 21.010754 27.725056 75.006235 29.801932 81.078804 91.418850 76.585323 69.480282 55.094218 68.575150 42.565495 98.258507 30.732933 28.381908 14.711316 53.079122 0.810559 23.072177 74.076426 2.508505 
60.449278 71.052301 76.047331 27.498218 62.544632 87.602413 33.796337 15.059939 12.394559 15.356523 97.084272 95.387673 80.601382 67.450982 48.674673 75.231534 16.369995 30.506247 18.492830 8.982761 73.266065 82.750010 79.472351 91.837215 8.063908 30.094236 93.816793 78.794706 2.572830 41.555753 27.570361 75.076193 5.581648 10.758693 21.348707 7.719589 43.135148 72.429770 27.107364 93.461245 3.126200 42.038101 34.339648 46.477836 53.018159 76.148641 30.235985 76.191765 55.041522 82.828158 92.853725 92.600679 39.647534 56.117958 74.486387 92.752433 90.138400 56.130540 85.986191 69.939214 68.365401 17.295639 87.810022 22.990544 2.073981 57.404292 93.881345 63.810450 62.216067 65.443051 1.394688 40.525344 9.441511 83.467740 42.349991 76.309514 33.987510 28.094444 83.323741 22.088343 38.784075 43.927968 97.372842 45.373833 97.991908 49.965134 63.992381 19.998103 8.115058 89.789593 93.693167 1.016539 84.964091 91.516531 18.351758 37.988889 79.270768 3.754221 97.196221 76.923537 
53.941321 91.838825 35.160363 40.224344 50.563294 17.281449 49.302199 22.050659 5.440620 40.498936 65.597934 4.503019 82.241392 31.082964 11.356458 67.990834 21.980214 21.470609 56.523752 94.698399 96.005690 67.672575 72.958922 20.633377 85.168886 33.423814 54.049838 15.641917 93.698508 90.831953 12.620825 18.194042 87.265712 74.805433 54.893064 87.769896 48.687005 82.476920 89.615142 61.680102 57.446218 98.536330 0.103707 43.005219 88.720912 32.382330 49.825579 18.506998 47.115698 73.545897 85.888439 27.036387 0.569955 79.226315 56.631792 10.556943 30.535093 3.317622 59.267539 9.523274 57.662356 31.188667 87.928194 9.131316 70.028907 75.846994 60.435289 35.868341 39.206073 36.445192 34.350306 25.564733 66.455340 14.933771 91.879725 22.501852 88.622671 81.258684 14.737467 92.607236 49.838901 42.406118 19.620235 57.284850 86.457545 91.994447 50.660187 45.720363 22.111377 25.924039 5.310038 45.801073 78.664571 15.434460 6.971957 77.682513 9.969183 52.055812 2.049492 45.808485 
3.218889 99.871421 38.993093 56.937033 40.722427 21.818468 3.003160 74.118030 1.728857 56.902450 59.505725 12.673584 4.916201 26.585880 28.886405 93.784899 42.831632 71.226549 4.562791 86.831021 68.953902 8.271284 15.464477 11.467546 35.044008 84.643197 98.209733 10.940318 73.918378 46.224692 98.385471 64.609730 95.702273 68.139499 20.578341 60.178912 26.934740 92.185462 61.065030 19.952725 45.454940 61.179513 44.058564 92.285931 49.596372 66.206825 38.113198 68.491864 42.763001 17.777027 78.500032 50.006449 58.376038 26.098201 32.479361 80.634314 20.958427 48.280638 52.675259 13.110070 40.944642 56.611186 64.193147 94.183028 34.178558 39.029133 62.664360 99.912220 24.653479 51.018471 67.394608 1.226150 7.905603 69.473046 33.510792 15.882568 38.324663 22.594063 38.423011 75.526381 71.893960 21.816102 63.216245 75.464445 30.952415 17.226793 30.700889 89.858049 44.200751 82.024735 89.748055 95.509809 33.320296 14.215864 26.032761 32.592732 86.039829 71.398425 93.340641 76.198304 
64.900267 78.760326 24.761379 64.502490 93.359089 86.216444 39.764193 16.783114 73.787129 40.310863 4.647918 17.553931 28.928781 6.011113 28.781140 24.604389 25.978273 16.844134 99.370992 28.298497 12.839532 94.006455 66.530472 77.601838 54.083580 82.718718 53.521556 36.783302 16.959628 40.468663 56.821322 95.971406 91.456139 3.306883 78.786767 69.206017 45.569342 83.956432 55.773127 78.919077 92.952234 48.157179 77.738851 56.872207 51.197910 83.255482 74.889743 71.952701 9.074234 10.655346 84.393269 97.708911 93.666875 59.156168 37.674886 1.796577 95.068640 18.575798 3.424973 63.516444 20.897743 28.372458 55.891585 69.898111 77.567786 81.810069 81.804347 85.636270 88.756901 37.239367 82.013327 98.030180 93.236339 23.105678 37.124214 46.678215 20.780765 62.303191 29.748133 76.864707 65.142179 44.609243 47.543597 65.256870 72.254163 75.762385 38.400427 95.992082 38.934410 70.639980 46.123710 1.223210 58.482862 21.494703 61.461663 86.164486 66.497129 17.228320 56.376076 12.725830 
83.020747 29.647523 85.947108 13.016474 67.888248 97.806025 25.821748 86.107153 2.955242 68.748629 58.255100 93.464100 51.140195 13.214579 97.430784 19.172175 26.742956 68.860847 44.251999 43.343282 70.561689 30.275464 39.748919 60.101682 28.949401 52.558833 56.271225 50.468522 24.494778 83.733130 2.662009 40.382168 3.070102 99.208701 0.616281 57.842052 51.330560 12.761903 89.289653 91.252255 76.670414 99.620908 28.657660 49.279010 32.312340 73.512888 31.103733 60.463399 8.337644 30.784708 98.580253 38.299379 97.643346 91.678864 46.665561 8.085874 99.296165 70.588434 79.824466 9.761200 56.490159 30.122122 62.505955 37.621665 7.337270 17.491110 73.073304 43.012717 14.763807 35.306597 97.978997 33.016613 10.197498 89.345795 34.728113 75.415081 1.256313 14.846149 19.239560 59.287459 44.337699 83.700454 53.553766 78.166920 51.377982 9.707779 58.642036 96.682328 39.898953 81.702286 70.370829 22.572283 72.361022 71.715337 19.719465 25.060660 94.497490 19.338241 17.822675 45.711184 
67.840332 92.505497 39.880526 71.995640 30.710873 57.641315 77.610523 0.043018 23.006253 66.098899 24.148636 66.107196 63.605928 24.800338 19.281587 65.636069 45.408311 77.481329 28.720176 99.984735 43.446139 99.228215 28.614721 27.620456 17.020562 64.600736 44.549257 39.375755 88.309193 12.586032 33.448428 67.732149 74.278694 2.016432 90.180093 56.872338 53.385377 48.067269 66.577297 64.664572 17.517091 9.747924 33.363503 40.397274 57.012308 5.820581 26.505545 78.672570 49.882874 81.480688 45.951968 14.720483 7.150593 80.015504 20.565973 52.303499 64.897650 34.783173 0.776024 42.636544 92.402798 13.832700 86.200297 68.380141 65.056574 5.876825 71.796334 81.030309 76.392496 28.634775 64.634871 18.330911 87.621903 61.340064 42.492855 77.415341 19.622691 98.567384 21.982445 58.947963 38.376054 86.344260 88.027424 76.865649 80.918574 98.482579 96.752077 12.192804 24.451341 53.690183 70.937794 51.488346 64.629298 24.579616 9.611516 40.746024 18.427557 11.955103 29.425585 55.814213 
69.425553 35.232085 45.644867 53.308219 51.248056 26.081100 45.063776 86.902547 71.106136 80.835879 8.648536 55.951357 74.458784 28.748915 82.985198 32.272500 3.884821 92.181313 91.293728 73.725206 99.568105 41.118428 77.413756 93.035734 51.547283 55.142415 78.584802 74.793839 60.092390 72.761679 5.535973 43.098307 53.245783 1.844638 2.835252 52.074063 8.773512 56.417382 6.961567 3.056647 73.071241 8.304337 70.980948 76.823729 76.373947 16.872136 69.997972 55.881804 5.481746 31.714475 25.201395 59.832895 11.512713 94.170523 23.941931 92.041361 39.136365 64.878410 11.461771 37.979811 26.687089 29.882804 40.274176 88.086545 70.604014 41.646257 48.618183 25.817809 19.905463 51.112896 54.449248 28.519186 21.956278 19.174880 72.214943 16.563737 86.734486 46.474773 1.487776 5.043950 73.673588 31.993157 8.996951 11.753537 41.691649 11.531877 16.252226 51.152503 20.107780 51.475465 48.106530 26.440406 83.888733 17.926256 86.590761 30.897987 2.482319 20.330274 90.920955 8.511565 
53.869450 83.841860 30.175582 60.985672 86.160964 7.293775 86.476135 4.355801 7.937881 11.976616 90.986627 12.243290 72.979254 62.296659 19.925389 86.006367 9.019010 82.498038 44.561335 42.370641 23.381597 74.509400 79.515165 11.399083 84.382242 12.340572 8.000924 71.539444 63.435262 56.501746 24.844538 62.136298 24.719475 60.214567 26.188096 43.316904 27.177519 72.578907 33.672735 37.637874 79.755181 45.359460 56.446671 99.209672 16.933478 0.976549 12.866807 52.421951 55.702937 99.259830 59.990758 64.669108 93.734187 90.497756 95.793700 4.707012 10.753844 39.856637 70.500547 2.717792 77.931112 88.247812 80.933601 51.059866 63.173705 60.513878 56.698853 37.636292 53.174484 3.569590 94.090903 85.766619 79.565054 49.892023 35.236758 24.184050 61.319792 1.777348 71.884978 70.844656 86.129189 73.238772 24.042597 83.940387 86.100703 94.506806 75.925887 86.426508 70.316064 2.084820 39.561468 9.592822 26.563475 52.306557 16.340373 32.664639 94.558811 49.953678 71.454310 32.564434 
10.462674 46.164119 80.332142 42.281845 30.951679 4.843911 11.612490 71.117270 67.962021 37.701702 52.523446 61.518031 33.565268 31.442550 54.932803 55.605727 65.455943 18.027806 93.347365 89.199334 73.254371 86.204839 44.691157 24.259867 35.570887 39.907655 27.978694 37.938786 37.165174 35.056698 97.936022 10.703775 98.346633 11.828703 5.022609 14.986388 76.239884 63.717562 1.017406 99.540704 80.646950 33.264345 73.859596 58.250445 15.238757 17.793922 62.458706 43.497196 57.357514 7.779688 53.217322 23.520428 7.837306 21.597469 88.660747 21.168464 78.370756 77.247465 98.170400 49.868819 45.259735 80.353779 5.962266 7.813787 26.318863 41.132787 18.765682 94.807827 35.154727 45.505711 14.482291 3.869583 36.080596 6.559879 51.888084 83.031201 5.362037 19.751382 61.468267 97.190142 74.713504 9.889511 13.012557 2.032483 59.933913 9.277605 28.707072 79.759312 14.779356 96.627504 18.417540 43.603641 46.372396 80.849534 38.167772 85.741562 58.379602 85.977751 28.096446 16.954431 
53.117776 50.414079 9.409857 51.468724 34.893402 53.412241 99.539989 68.577904 88.841248 54.892242 73.882008 34.881943 60.832685 14.956044 66.217315 14.370076 17.864858 54.663622 31.533062 76.177067 7.945824 45.473343 70.500320 98.905569 5.874510 32.895368 72.454345 40.138522 8.154048 45.081317 81.695265 52.357012 64.264870 99.707645 86.376065 22.546528 39.490017 8.729593 18.272585 7.319065 11.533290 40.013865 13.031083 13.426498 59.140998 82.716036 8.426016 16.048022 19.093141 98.408520 51.999354 53.139788 20.377509 84.808290 72.896338 68.739611 6.598847 6.820577 33.448827 74.418217 47.011104 15.643184 14.987798 99.923259 10.218259 38.282901 20.704919 87.584084 25.658092 35.572723 70.770162 34.092459 91.966331 78.095400 49.380711 41.591388 26.443356 33.471128 49.275479 72.988462 17.078763 42.761496 92.463416 32.678059 20.152341 0.389346 43.745515 30.887103 19.527632 0.918188 31.985599 81.972629 13.990636 40.630826 82.295722 44.158855 77.870643 71.873236 73.461276 63.650882 
80.331415 30.120450 34.382683 69.733751 15.172493 4.107055 27.282387 35.072568 64.639902 2.833003 14.274265 7.564338 33.832246 18.554403 43.853393 43.993112 92.216945 90.171421 11.042817 96.625131 78.538275 92.804158 59.453148 29.102322 22.709538 79.207623 42.537680 30.812952 73.260504 89.303166 18.281923 64.290208 25.488740 89.279532 21.132033 66.077101 57.853425 42.470065 94.392830 60.270965 74.099159 84.526110 30.349010 75.797158 22.826725 48.783886 10.764003 10.591231 6.810228 59.503073 68.154067 65.362126 41.271105 43.475971 0.631606 15.396123 62.631673 50.507355 77.156061 61.884636 95.053691 67.373604 48.192722 75.050485 73.478407 51.629961 44.783932 83.555937 24.636938 73.001570 37.392622 57.805282 33.404273 25.621730 24.438940 45.276320 59.100878 8.439889 49.211213 92.877501 92.167354 56.729615 54.676771 52.456594 38.014549 10.541278 67.262292 77.354717 0.713156 86.005473 94.009596 19.327939 44.674429 43.147638 82.373691 54.581863 57.350188 84.645075 29.735127 58.304739 
